time,date,weekday,interval,offered,answered,abandoned,answered_within_20s,avg_handle_sec,avg_wait_sec,agents,outage
2026-07-20T08:00,2026-07-20,Mon,08:00,46,45,1,43,355.3,1.9,13,0
2026-07-20T08:30,2026-07-20,Mon,08:30,52,52,0,52,350.5,0.0,17,0
2026-07-20T09:00,2026-07-20,Mon,09:00,74,74,0,74,368.6,0.0,24,0
2026-07-20T09:30,2026-07-20,Mon,09:30,134,129,5,116,362.5,5.4,28,0
2026-07-20T10:00,2026-07-20,Mon,10:00,107,106,1,98,387.4,3.7,29,0
2026-07-20T10:30,2026-07-20,Mon,10:30,100,99,1,99,349.1,0.0,27,0
2026-07-20T11:00,2026-07-20,Mon,11:00,84,84,0,84,344.7,0.0,23,0
2026-07-20T11:30,2026-07-20,Mon,11:30,77,77,0,77,369.4,0.0,22,0
2026-07-20T12:00,2026-07-20,Mon,12:00,96,96,0,96,367.5,0.0,25,0
2026-07-20T12:30,2026-07-20,Mon,12:30,98,98,0,98,351.1,0.0,27,0
2026-07-20T13:00,2026-07-20,Mon,13:00,94,93,1,92,364.1,0.3,26,0
2026-07-20T13:30,2026-07-20,Mon,13:30,104,96,8,88,351.4,4.1,24,0
2026-07-20T14:00,2026-07-20,Mon,14:00,67,67,0,67,362.4,0.0,22,0
2026-07-20T14:30,2026-07-20,Mon,14:30,79,77,2,74,464.4,2.3,21,0
2026-07-20T15:00,2026-07-20,Mon,15:00,73,70,3,61,344.7,4.5,20,0
2026-07-20T15:30,2026-07-20,Mon,15:30,81,79,2,72,390.7,6.2,20,0
2026-07-20T16:00,2026-07-20,Mon,16:00,56,56,0,55,397.6,0.9,19,0
2026-07-20T16:30,2026-07-20,Mon,16:30,87,80,7,56,389.2,15.5,18,0
2026-07-20T17:00,2026-07-20,Mon,17:00,63,63,0,63,364.1,0.3,17,0
2026-07-20T17:30,2026-07-20,Mon,17:30,57,56,1,52,356.9,2.3,16,0
2026-07-20T18:00,2026-07-20,Mon,18:00,33,33,0,33,354.4,0.0,16,0
2026-07-20T18:30,2026-07-20,Mon,18:30,42,42,0,42,399.7,0.0,14,0
2026-07-20T19:00,2026-07-20,Mon,19:00,46,42,4,39,383.1,2.0,12,0
2026-07-20T19:30,2026-07-20,Mon,19:30,32,32,0,32,460.8,0.0,10,0
2026-07-21T08:00,2026-07-21,Tue,08:00,48,47,1,43,377.3,3.8,11,0
2026-07-21T08:30,2026-07-21,Tue,08:30,51,51,0,51,374.2,0.0,16,0
2026-07-21T09:00,2026-07-21,Tue,09:00,83,82,1,79,400.9,1.2,21,0
2026-07-21T09:30,2026-07-21,Tue,09:30,86,86,0,86,364.2,0.0,25,0
2026-07-21T10:00,2026-07-21,Tue,10:00,92,92,0,92,358.4,0.1,25,0
2026-07-21T10:30,2026-07-21,Tue,10:30,87,86,1,77,389.8,4.2,24,0
2026-07-21T11:00,2026-07-21,Tue,11:00,76,76,0,74,336.4,1.3,20,0
2026-07-21T11:30,2026-07-21,Tue,11:30,67,67,0,67,372.8,0.0,20,0
2026-07-21T12:00,2026-07-21,Tue,12:00,90,86,4,74,368.8,6.0,22,0
2026-07-21T12:30,2026-07-21,Tue,12:30,101,97,4,93,370.1,1.8,24,0
2026-07-21T13:00,2026-07-21,Tue,13:00,73,73,0,73,381.2,0.0,23,0
2026-07-21T13:30,2026-07-21,Tue,13:30,59,59,0,59,352.2,0.0,21,0
2026-07-21T14:00,2026-07-21,Tue,14:00,91,88,3,76,376.0,9.1,20,0
2026-07-21T14:30,2026-07-21,Tue,14:30,72,68,4,59,424.0,7.3,19,0
2026-07-21T15:00,2026-07-21,Tue,15:00,69,66,3,60,375.6,4.1,18,0
2026-07-21T15:30,2026-07-21,Tue,15:30,70,69,1,63,339.8,3.9,18,0
2026-07-21T16:00,2026-07-21,Tue,16:00,56,56,0,56,334.7,0.0,17,0
2026-07-21T16:30,2026-07-21,Tue,16:30,56,54,2,49,383.7,3.6,16,0
2026-07-21T17:00,2026-07-21,Tue,17:00,51,51,0,50,425.3,2.5,16,0
2026-07-21T17:30,2026-07-21,Tue,17:30,49,49,0,49,375.4,0.2,15,0
2026-07-21T18:00,2026-07-21,Tue,18:00,45,45,0,45,384.6,0.0,14,0
2026-07-21T18:30,2026-07-21,Tue,18:30,32,32,0,32,342.0,0.0,12,0
2026-07-21T19:00,2026-07-21,Tue,19:00,46,43,3,29,406.8,12.2,11,0
2026-07-21T19:30,2026-07-21,Tue,19:30,35,32,3,25,376.0,12.5,9,0
2026-07-22T08:00,2026-07-22,Wed,08:00,37,36,1,31,387.9,7.0,11,0
2026-07-22T08:30,2026-07-22,Wed,08:30,53,53,0,45,362.3,7.7,14,0
2026-07-22T09:00,2026-07-22,Wed,09:00,77,75,2,71,367.9,2.5,20,0
2026-07-22T09:30,2026-07-22,Wed,09:30,92,92,0,92,336.7,0.0,23,0
2026-07-22T10:00,2026-07-22,Wed,10:00,100,98,2,89,369.5,3.8,23,0
2026-07-22T10:30,2026-07-22,Wed,10:30,90,84,6,80,381.1,3.1,22,0
2026-07-22T11:00,2026-07-22,Wed,11:00,65,65,0,65,349.2,0.0,19,0
2026-07-22T11:30,2026-07-22,Wed,11:30,65,64,1,60,409.4,2.9,18,0
2026-07-22T12:00,2026-07-22,Wed,12:00,80,80,0,79,343.7,0.7,20,0
2026-07-22T12:30,2026-07-22,Wed,12:30,69,69,0,69,371.1,0.0,22,0
2026-07-22T13:00,2026-07-22,Wed,13:00,88,88,0,85,370.0,1.4,21,0
2026-07-22T13:30,2026-07-22,Wed,13:30,78,71,7,64,362.7,4.3,20,0
2026-07-22T14:00,2026-07-22,Wed,14:00,68,67,1,61,378.5,3.8,18,0
2026-07-22T14:30,2026-07-22,Wed,14:30,67,63,4,49,389.2,9.8,17,0
2026-07-22T15:00,2026-07-22,Wed,15:00,56,56,0,53,395.2,3.2,17,0
2026-07-22T15:30,2026-07-22,Wed,15:30,66,61,5,54,434.3,6.5,17,0
2026-07-22T16:00,2026-07-22,Wed,16:00,59,58,1,58,375.2,0.0,16,0
2026-07-22T16:30,2026-07-22,Wed,16:30,40,40,0,40,404.4,0.0,15,0
2026-07-22T17:00,2026-07-22,Wed,17:00,61,57,4,51,378.4,5.2,14,0
2026-07-22T17:30,2026-07-22,Wed,17:30,45,45,0,45,399.2,0.0,14,0
2026-07-22T18:00,2026-07-22,Wed,18:00,40,40,0,39,356.5,1.0,13,0
2026-07-22T18:30,2026-07-22,Wed,18:30,41,35,6,30,421.9,12.4,11,0
2026-07-22T19:00,2026-07-22,Wed,19:00,30,30,0,30,363.7,0.0,10,0
2026-07-22T19:30,2026-07-22,Wed,19:30,26,25,1,25,467.5,0.6,9,0
2026-07-23T08:00,2026-07-23,Thu,08:00,25,25,0,25,419.2,0.3,11,0
2026-07-23T08:30,2026-07-23,Thu,08:30,49,47,2,43,374.8,6.4,14,0
2026-07-23T09:00,2026-07-23,Thu,09:00,75,75,0,75,339.0,0.0,20,0
2026-07-23T09:30,2026-07-23,Thu,09:30,94,87,7,72,387.6,9.8,23,0
2026-07-23T10:00,2026-07-23,Thu,10:00,83,83,0,83,374.0,0.0,23,0
2026-07-23T10:30,2026-07-23,Thu,10:30,83,83,0,81,390.2,1.6,22,0
2026-07-23T11:00,2026-07-23,Thu,11:00,77,76,1,67,340.1,7.8,19,0
2026-07-23T11:30,2026-07-23,Thu,11:30,66,66,0,65,367.7,0.3,18,0
2026-07-23T12:00,2026-07-23,Thu,12:00,83,78,5,71,374.6,6.2,20,0
2026-07-23T12:30,2026-07-23,Thu,12:30,88,83,5,68,359.1,7.8,22,0
2026-07-23T13:00,2026-07-23,Thu,13:00,88,84,4,75,387.1,4.7,21,0
2026-07-23T13:30,2026-07-23,Thu,13:30,70,70,0,70,394.0,0.5,20,0
2026-07-23T14:00,2026-07-23,Thu,14:00,88,80,8,44,370.7,23.9,18,0
2026-07-23T14:30,2026-07-23,Thu,14:30,61,59,2,57,390.5,2.1,17,0
2026-07-23T15:00,2026-07-23,Thu,15:00,58,57,1,53,379.1,3.0,17,0
2026-07-23T15:30,2026-07-23,Thu,15:30,61,61,0,59,368.8,2.4,17,0
2026-07-23T16:00,2026-07-23,Thu,16:00,62,55,7,45,412.0,10.1,16,0
2026-07-23T16:30,2026-07-23,Thu,16:30,54,54,0,54,372.0,0.0,15,0
2026-07-23T17:00,2026-07-23,Thu,17:00,54,52,2,47,350.8,5.3,14,0
2026-07-23T17:30,2026-07-23,Thu,17:30,50,49,1,45,370.6,3.6,14,0
2026-07-23T18:00,2026-07-23,Thu,18:00,49,44,5,38,387.5,9.5,13,0
2026-07-23T18:30,2026-07-23,Thu,18:30,32,32,0,32,427.7,0.0,11,0
2026-07-23T19:00,2026-07-23,Thu,19:00,36,36,0,33,325.5,4.7,10,0
2026-07-23T19:30,2026-07-23,Thu,19:30,43,35,8,20,393.4,35.2,9,0
2026-07-24T08:00,2026-07-24,Fri,08:00,30,30,0,29,418.4,1.4,10,0
2026-07-24T08:30,2026-07-24,Fri,08:30,53,52,1,52,378.4,0.7,14,0
2026-07-24T09:00,2026-07-24,Fri,09:00,72,70,2,67,342.7,2.0,19,0
2026-07-24T09:30,2026-07-24,Fri,09:30,82,82,0,82,344.6,0.1,22,0
2026-07-24T10:00,2026-07-24,Fri,10:00,68,68,0,68,348.2,0.0,22,0
2026-07-24T10:30,2026-07-24,Fri,10:30,80,76,4,62,385.9,8.7,21,0
2026-07-24T11:00,2026-07-24,Fri,11:00,79,72,7,55,404.5,14.0,18,0
2026-07-24T11:30,2026-07-24,Fri,11:30,67,65,2,64,342.7,1.7,17,0
2026-07-24T12:00,2026-07-24,Fri,12:00,78,69,9,56,377.4,11.8,19,0
2026-07-24T12:30,2026-07-24,Fri,12:30,78,78,0,72,326.0,3.9,21,0
2026-07-24T13:00,2026-07-24,Fri,13:00,76,76,0,75,365.9,0.3,20,0
2026-07-24T13:30,2026-07-24,Fri,13:30,80,75,5,62,397.7,10.0,19,0
2026-07-24T14:00,2026-07-24,Fri,14:00,57,57,0,51,391.8,5.7,17,0
2026-07-24T14:30,2026-07-24,Fri,14:30,57,57,0,56,349.1,0.8,17,0
2026-07-24T15:00,2026-07-24,Fri,15:00,60,58,2,56,389.7,1.5,16,0
2026-07-24T15:30,2026-07-24,Fri,15:30,51,50,1,42,410.7,6.9,16,0
2026-07-24T16:00,2026-07-24,Fri,16:00,47,47,0,46,336.5,0.9,15,0
2026-07-24T16:30,2026-07-24,Fri,16:30,60,58,2,51,386.2,6.3,15,0
2026-07-24T17:00,2026-07-24,Fri,17:00,57,53,4,42,369.8,8.4,14,0
2026-07-24T17:30,2026-07-24,Fri,17:30,43,43,0,43,340.5,0.0,13,0
2026-07-24T18:00,2026-07-24,Fri,18:00,25,25,0,25,351.3,0.0,12,0
2026-07-24T18:30,2026-07-24,Fri,18:30,25,25,0,25,383.7,0.0,11,0
2026-07-24T19:00,2026-07-24,Fri,19:00,40,36,4,30,384.8,9.4,10,0
2026-07-24T19:30,2026-07-24,Fri,19:30,31,31,0,26,334.0,6.4,8,0
2026-07-25T08:00,2026-07-25,Sat,08:00,25,25,0,24,433.1,0.9,8,0
2026-07-25T08:30,2026-07-25,Sat,08:30,36,33,3,25,441.0,17.3,11,0
2026-07-25T09:00,2026-07-25,Sat,09:00,52,51,1,50,375.2,1.5,14,0
2026-07-25T09:30,2026-07-25,Sat,09:30,47,47,0,47,337.0,0.0,17,0
2026-07-25T10:00,2026-07-25,Sat,10:00,69,67,2,61,390.8,3.6,17,0
2026-07-25T10:30,2026-07-25,Sat,10:30,56,50,6,40,405.5,10.6,16,0
2026-07-25T11:00,2026-07-25,Sat,11:00,55,51,4,49,374.3,3.7,14,0
2026-07-25T11:30,2026-07-25,Sat,11:30,48,48,0,42,347.7,6.4,13,0
2026-07-25T12:00,2026-07-25,Sat,12:00,55,55,0,53,373.9,1.6,15,0
2026-07-25T12:30,2026-07-25,Sat,12:30,51,51,0,51,359.2,0.0,16,0
2026-07-25T13:00,2026-07-25,Sat,13:00,63,59,4,51,377.6,7.3,16,0
2026-07-25T13:30,2026-07-25,Sat,13:30,50,48,2,47,360.7,1.6,14,0
2026-07-25T14:00,2026-07-25,Sat,14:00,52,52,0,46,375.3,4.9,13,0
2026-07-25T14:30,2026-07-25,Sat,14:30,35,35,0,35,322.0,0.0,13,0
2026-07-25T15:00,2026-07-25,Sat,15:00,44,41,3,36,413.0,6.1,12,0
2026-07-25T15:30,2026-07-25,Sat,15:30,42,40,2,39,385.2,1.2,12,0
2026-07-25T16:00,2026-07-25,Sat,16:00,37,37,0,37,376.5,0.0,12,0
2026-07-25T16:30,2026-07-25,Sat,16:30,38,38,0,34,382.5,4.3,11,0
2026-07-25T17:00,2026-07-25,Sat,17:00,32,32,0,32,383.9,0.0,11,0
2026-07-25T17:30,2026-07-25,Sat,17:30,31,30,1,27,406.9,12.1,10,0
2026-07-25T18:00,2026-07-25,Sat,18:00,21,21,0,21,357.7,0.0,10,0
2026-07-25T18:30,2026-07-25,Sat,18:30,31,31,0,31,310.6,0.0,9,0
2026-07-25T19:00,2026-07-25,Sat,19:00,19,19,0,19,417.3,0.0,8,0
2026-07-25T19:30,2026-07-25,Sat,19:30,18,17,1,17,416.3,0.0,7,0
2026-07-26T08:00,2026-07-26,Sun,08:00,19,19,0,19,352.1,0.0,7,0
2026-07-26T08:30,2026-07-26,Sun,08:30,26,26,0,25,404.9,1.7,9,0
2026-07-26T09:00,2026-07-26,Sun,09:00,35,35,0,35,388.1,0.0,12,0
2026-07-26T09:30,2026-07-26,Sun,09:30,37,37,0,37,389.5,0.0,14,0
2026-07-26T10:00,2026-07-26,Sun,10:00,41,41,0,41,349.1,0.0,14,0
2026-07-26T10:30,2026-07-26,Sun,10:30,70,63,7,50,337.9,13.0,13,0
2026-07-26T11:00,2026-07-26,Sun,11:00,27,27,0,27,348.0,0.0,11,0
2026-07-26T11:30,2026-07-26,Sun,11:30,38,38,0,38,343.9,0.0,11,0
2026-07-26T12:00,2026-07-26,Sun,12:00,45,38,7,30,409.4,24.3,12,0
2026-07-26T12:30,2026-07-26,Sun,12:30,39,39,0,39,336.5,0.0,13,0
2026-07-26T13:00,2026-07-26,Sun,13:00,37,37,0,37,366.9,0.0,13,0
2026-07-26T13:30,2026-07-26,Sun,13:30,40,40,0,40,363.1,0.0,12,0
2026-07-26T14:00,2026-07-26,Sun,14:00,40,39,1,36,331.7,4.0,11,0
2026-07-26T14:30,2026-07-26,Sun,14:30,40,38,2,32,394.7,7.9,11,0
2026-07-26T15:00,2026-07-26,Sun,15:00,30,29,1,29,322.7,0.0,10,0
2026-07-26T15:30,2026-07-26,Sun,15:30,26,26,0,26,347.0,0.0,10,0
2026-07-26T16:00,2026-07-26,Sun,16:00,34,32,2,32,370.3,0.5,10,0
2026-07-26T16:30,2026-07-26,Sun,16:30,30,29,1,27,380.3,7.6,9,0
2026-07-26T17:00,2026-07-26,Sun,17:00,38,37,1,35,327.8,3.2,9,0
2026-07-26T17:30,2026-07-26,Sun,17:30,24,24,0,24,308.1,0.9,9,0
2026-07-26T18:00,2026-07-26,Sun,18:00,28,27,1,27,354.7,0.6,8,0
2026-07-26T18:30,2026-07-26,Sun,18:30,24,23,1,23,367.8,0.6,7,0
2026-07-26T19:00,2026-07-26,Sun,19:00,21,20,1,19,417.9,5.4,7,0
2026-07-26T19:30,2026-07-26,Sun,19:30,18,15,3,13,418.1,12.5,6,0
2026-07-27T08:00,2026-07-27,Mon,08:00,37,37,0,37,345.4,0.0,13,0
2026-07-27T08:30,2026-07-27,Mon,08:30,62,62,0,61,371.5,0.7,17,0
2026-07-27T09:00,2026-07-27,Mon,09:00,89,89,0,89,390.2,0.0,24,0
2026-07-27T09:30,2026-07-27,Mon,09:30,108,108,0,103,373.7,1.9,28,0
2026-07-27T10:00,2026-07-27,Mon,10:00,98,98,0,98,353.1,0.0,29,0
2026-07-27T10:30,2026-07-27,Mon,10:30,101,101,0,101,355.2,0.0,27,0
2026-07-27T11:00,2026-07-27,Mon,11:00,97,96,1,96,337.9,0.1,23,0
2026-07-27T11:30,2026-07-27,Mon,11:30,79,78,1,74,381.2,2.0,22,0
2026-07-27T12:00,2026-07-27,Mon,12:00,84,84,0,84,396.9,0.2,25,0
2026-07-27T12:30,2026-07-27,Mon,12:30,119,117,2,111,345.9,2.2,27,0
2026-07-27T13:00,2026-07-27,Mon,13:00,105,102,3,96,375.3,2.8,26,0
2026-07-27T13:30,2026-07-27,Mon,13:30,81,79,2,75,419.9,2.8,24,0
2026-07-27T14:00,2026-07-27,Mon,14:00,94,91,3,87,371.0,2.2,22,0
2026-07-27T14:30,2026-07-27,Mon,14:30,83,81,2,74,398.3,4.1,21,0
2026-07-27T15:00,2026-07-27,Mon,15:00,75,73,2,68,397.0,3.7,20,0
2026-07-27T15:30,2026-07-27,Mon,15:30,66,65,1,61,425.9,2.1,20,0
2026-07-27T16:00,2026-07-27,Mon,16:00,68,68,0,68,392.7,0.0,19,0
2026-07-27T16:30,2026-07-27,Mon,16:30,68,66,2,61,364.9,3.4,18,0
2026-07-27T17:00,2026-07-27,Mon,17:00,53,53,0,53,366.7,0.0,17,0
2026-07-27T17:30,2026-07-27,Mon,17:30,50,50,0,50,373.0,1.2,16,0
2026-07-27T18:00,2026-07-27,Mon,18:00,49,49,0,49,394.4,0.0,16,0
2026-07-27T18:30,2026-07-27,Mon,18:30,49,49,0,47,358.4,1.8,14,0
2026-07-27T19:00,2026-07-27,Mon,19:00,33,33,0,33,321.5,0.0,12,0
2026-07-27T19:30,2026-07-27,Mon,19:30,25,25,0,25,403.2,0.0,10,0
2026-07-28T08:00,2026-07-28,Tue,08:00,47,45,2,43,351.7,1.2,11,0
2026-07-28T08:30,2026-07-28,Tue,08:30,68,64,4,54,408.2,7.6,16,0
2026-07-28T09:00,2026-07-28,Tue,09:00,90,88,2,83,365.1,2.7,21,0
2026-07-28T09:30,2026-07-28,Tue,09:30,91,91,0,91,340.0,0.0,25,0
2026-07-28T10:00,2026-07-28,Tue,10:00,99,97,2,96,375.5,1.5,25,0
2026-07-28T10:30,2026-07-28,Tue,10:30,60,60,0,60,395.3,0.0,24,0
2026-07-28T11:00,2026-07-28,Tue,11:00,76,76,0,76,407.3,0.0,20,0
2026-07-28T11:30,2026-07-28,Tue,11:30,80,73,7,50,408.5,17.5,20,0
2026-07-28T12:00,2026-07-28,Tue,12:00,80,80,0,77,420.6,1.2,22,0
2026-07-28T12:30,2026-07-28,Tue,12:30,101,93,8,70,402.1,14.6,24,0
2026-07-28T13:00,2026-07-28,Tue,13:00,75,75,0,75,369.4,0.0,23,0
2026-07-28T13:30,2026-07-28,Tue,13:30,95,87,8,74,387.7,8.0,21,0
2026-07-28T14:00,2026-07-28,Tue,14:00,68,68,0,68,372.0,0.0,20,0
2026-07-28T14:30,2026-07-28,Tue,14:30,60,60,0,53,416.1,7.0,19,0
2026-07-28T15:00,2026-07-28,Tue,15:00,63,63,0,62,373.6,0.4,18,0
2026-07-28T15:30,2026-07-28,Tue,15:30,65,60,5,48,422.1,12.8,18,0
2026-07-28T16:00,2026-07-28,Tue,16:00,55,54,1,52,347.9,3.0,17,0
2026-07-28T16:30,2026-07-28,Tue,16:30,54,54,0,54,397.9,0.0,16,0
2026-07-28T17:00,2026-07-28,Tue,17:00,55,55,0,52,344.4,4.3,16,0
2026-07-28T17:30,2026-07-28,Tue,17:30,56,56,0,56,335.0,0.0,15,0
2026-07-28T18:00,2026-07-28,Tue,18:00,45,45,0,45,346.3,0.1,14,0
2026-07-28T18:30,2026-07-28,Tue,18:30,35,35,0,35,394.4,0.0,12,0
2026-07-28T19:00,2026-07-28,Tue,19:00,32,30,2,26,365.7,5.8,11,0
2026-07-28T19:30,2026-07-28,Tue,19:30,31,31,0,31,314.6,0.0,9,0
2026-07-29T08:00,2026-07-29,Wed,08:00,46,43,3,37,368.1,7.3,11,1
2026-07-29T08:30,2026-07-29,Wed,08:30,49,46,3,38,379.4,11.3,14,1
2026-07-29T09:00,2026-07-29,Wed,09:00,73,73,0,73,396.5,0.0,20,1
2026-07-29T09:30,2026-07-29,Wed,09:30,309,125,184,15,360.4,67.2,23,1
2026-07-29T10:00,2026-07-29,Wed,10:00,293,105,188,1,394.7,86.6,23,1
2026-07-29T10:30,2026-07-29,Wed,10:30,196,100,96,11,371.1,51.5,22,1
2026-07-29T11:00,2026-07-29,Wed,11:00,142,89,53,29,388.9,35.9,19,1
2026-07-29T11:30,2026-07-29,Wed,11:30,123,91,32,62,339.7,16.6,18,1
2026-07-29T12:00,2026-07-29,Wed,12:00,140,93,47,44,378.2,28.9,20,1
2026-07-29T12:30,2026-07-29,Wed,12:30,118,97,21,77,385.5,9.6,22,1
2026-07-29T13:00,2026-07-29,Wed,13:00,109,83,26,48,387.9,24.1,21,1
2026-07-29T13:30,2026-07-29,Wed,13:30,97,92,5,85,377.2,4.2,20,1
2026-07-29T14:00,2026-07-29,Wed,14:00,80,71,9,51,398.6,18.1,18,1
2026-07-29T14:30,2026-07-29,Wed,14:30,67,62,5,51,442.1,10.3,17,1
2026-07-29T15:00,2026-07-29,Wed,15:00,73,68,5,57,356.6,11.7,17,1
2026-07-29T15:30,2026-07-29,Wed,15:30,78,72,6,54,383.1,12.4,17,1
2026-07-29T16:00,2026-07-29,Wed,16:00,73,70,3,60,356.0,6.4,16,1
2026-07-29T16:30,2026-07-29,Wed,16:30,64,64,0,63,385.2,1.3,15,1
2026-07-29T17:00,2026-07-29,Wed,17:00,46,42,4,39,374.5,3.8,14,1
2026-07-29T17:30,2026-07-29,Wed,17:30,44,44,0,44,392.1,0.4,14,1
2026-07-29T18:00,2026-07-29,Wed,18:00,44,44,0,44,335.3,0.0,13,1
2026-07-29T18:30,2026-07-29,Wed,18:30,30,30,0,30,324.3,0.0,11,1
2026-07-29T19:00,2026-07-29,Wed,19:00,28,28,0,28,399.8,0.0,10,1
2026-07-29T19:30,2026-07-29,Wed,19:30,33,31,2,28,309.2,4.0,9,1
2026-07-30T08:00,2026-07-30,Thu,08:00,30,30,0,30,413.8,0.0,11,0
2026-07-30T08:30,2026-07-30,Thu,08:30,59,58,1,57,381.7,1.7,14,0
2026-07-30T09:00,2026-07-30,Thu,09:00,67,66,1,60,356.5,3.4,20,0
2026-07-30T09:30,2026-07-30,Thu,09:30,84,82,2,73,389.6,3.9,23,0
2026-07-30T10:00,2026-07-30,Thu,10:00,98,95,3,86,363.3,5.4,23,0
2026-07-30T10:30,2026-07-30,Thu,10:30,67,64,3,56,402.5,7.1,22,0
2026-07-30T11:00,2026-07-30,Thu,11:00,65,60,5,52,450.1,6.0,19,0
2026-07-30T11:30,2026-07-30,Thu,11:30,65,65,0,65,379.5,0.0,18,0
2026-07-30T12:00,2026-07-30,Thu,12:00,71,71,0,71,360.3,0.0,20,0
2026-07-30T12:30,2026-07-30,Thu,12:30,60,60,0,60,338.8,0.0,22,0
2026-07-30T13:00,2026-07-30,Thu,13:00,56,56,0,56,443.3,0.0,21,0
2026-07-30T13:30,2026-07-30,Thu,13:30,82,77,5,74,392.7,2.5,20,0
2026-07-30T14:00,2026-07-30,Thu,14:00,73,69,4,60,446.4,5.9,18,0
2026-07-30T14:30,2026-07-30,Thu,14:30,59,57,2,52,361.2,3.9,17,0
2026-07-30T15:00,2026-07-30,Thu,15:00,58,57,1,55,356.2,1.4,17,0
2026-07-30T15:30,2026-07-30,Thu,15:30,51,51,0,51,403.9,0.0,17,0
2026-07-30T16:00,2026-07-30,Thu,16:00,51,48,3,42,452.4,6.9,16,0
2026-07-30T16:30,2026-07-30,Thu,16:30,57,52,5,44,352.4,9.7,15,0
2026-07-30T17:00,2026-07-30,Thu,17:00,49,48,1,45,384.7,4.7,14,0
2026-07-30T17:30,2026-07-30,Thu,17:30,43,43,0,43,366.4,0.0,14,0
2026-07-30T18:00,2026-07-30,Thu,18:00,46,46,0,45,362.4,0.9,13,0
2026-07-30T18:30,2026-07-30,Thu,18:30,48,44,4,34,389.1,10.1,11,0
2026-07-30T19:00,2026-07-30,Thu,19:00,31,29,2,24,455.0,10.0,10,0
2026-07-30T19:30,2026-07-30,Thu,19:30,31,30,1,27,366.3,4.0,9,0
2026-07-31T08:00,2026-07-31,Fri,08:00,32,30,2,24,442.2,11.7,10,0
2026-07-31T08:30,2026-07-31,Fri,08:30,38,38,0,38,381.4,0.0,14,0
2026-07-31T09:00,2026-07-31,Fri,09:00,65,65,0,65,351.7,0.3,19,0
2026-07-31T09:30,2026-07-31,Fri,09:30,70,70,0,70,404.6,0.0,22,0
2026-07-31T10:00,2026-07-31,Fri,10:00,85,79,6,70,363.2,4.9,22,0
2026-07-31T10:30,2026-07-31,Fri,10:30,79,79,0,79,417.5,0.0,21,0
2026-07-31T11:00,2026-07-31,Fri,11:00,74,71,3,62,383.8,8.4,18,0
2026-07-31T11:30,2026-07-31,Fri,11:30,65,62,3,55,376.1,5.8,17,0
2026-07-31T12:00,2026-07-31,Fri,12:00,72,72,0,72,331.9,0.4,19,0
2026-07-31T12:30,2026-07-31,Fri,12:30,71,71,0,71,362.8,0.0,21,0
2026-07-31T13:00,2026-07-31,Fri,13:00,77,75,2,75,391.8,0.5,20,0
2026-07-31T13:30,2026-07-31,Fri,13:30,80,74,6,52,404.2,16.4,19,0
2026-07-31T14:00,2026-07-31,Fri,14:00,61,61,0,61,378.7,0.0,17,0
2026-07-31T14:30,2026-07-31,Fri,14:30,66,64,2,54,372.2,7.9,17,0
2026-07-31T15:00,2026-07-31,Fri,15:00,59,59,0,59,340.0,0.0,16,0
2026-07-31T15:30,2026-07-31,Fri,15:30,48,48,0,48,408.1,0.0,16,0
2026-07-31T16:00,2026-07-31,Fri,16:00,60,58,2,58,373.9,1.1,15,0
2026-07-31T16:30,2026-07-31,Fri,16:30,62,60,2,57,355.5,2.9,15,0
2026-07-31T17:00,2026-07-31,Fri,17:00,52,49,3,42,429.2,5.0,14,0
2026-07-31T17:30,2026-07-31,Fri,17:30,46,45,1,42,375.2,3.8,13,0
2026-07-31T18:00,2026-07-31,Fri,18:00,43,43,0,40,353.1,2.1,12,0
2026-07-31T18:30,2026-07-31,Fri,18:30,35,35,0,35,392.9,0.0,11,0
2026-07-31T19:00,2026-07-31,Fri,19:00,24,24,0,24,508.1,0.0,10,0
2026-07-31T19:30,2026-07-31,Fri,19:30,22,22,0,22,309.6,0.0,8,0
2026-08-01T08:00,2026-08-01,Sat,08:00,33,32,1,29,383.6,6.9,8,0
2026-08-01T08:30,2026-08-01,Sat,08:30,38,38,0,31,462.8,14.1,11,0
2026-08-01T09:00,2026-08-01,Sat,09:00,57,55,2,53,349.5,1.8,14,0
2026-08-01T09:30,2026-08-01,Sat,09:30,54,54,0,53,393.4,1.0,17,0
2026-08-01T10:00,2026-08-01,Sat,10:00,69,68,1,62,357.7,3.6,17,0
2026-08-01T10:30,2026-08-01,Sat,10:30,41,40,1,35,390.4,4.0,16,0
2026-08-01T11:00,2026-08-01,Sat,11:00,55,51,4,47,398.9,2.9,14,0
2026-08-01T11:30,2026-08-01,Sat,11:30,54,52,2,45,358.0,6.1,13,0
2026-08-01T12:00,2026-08-01,Sat,12:00,35,35,0,35,437.2,0.0,15,0
2026-08-01T12:30,2026-08-01,Sat,12:30,62,61,1,55,347.2,5.9,16,0
2026-08-01T13:00,2026-08-01,Sat,13:00,44,44,0,44,338.3,0.0,16,0
2026-08-01T13:30,2026-08-01,Sat,13:30,55,55,0,54,400.0,1.1,14,0
2026-08-01T14:00,2026-08-01,Sat,14:00,48,48,0,43,359.9,7.1,13,0
2026-08-01T14:30,2026-08-01,Sat,14:30,32,32,0,32,342.6,0.0,13,0
2026-08-01T15:00,2026-08-01,Sat,15:00,40,40,0,38,363.2,2.1,12,0
2026-08-01T15:30,2026-08-01,Sat,15:30,37,37,0,34,368.6,4.7,12,0
2026-08-01T16:00,2026-08-01,Sat,16:00,38,38,0,38,346.6,0.0,12,0
2026-08-01T16:30,2026-08-01,Sat,16:30,27,27,0,27,352.7,0.0,11,0
2026-08-01T17:00,2026-08-01,Sat,17:00,40,37,3,30,410.4,6.7,11,0
2026-08-01T17:30,2026-08-01,Sat,17:30,21,21,0,21,433.7,0.1,10,0
2026-08-01T18:00,2026-08-01,Sat,18:00,32,32,0,32,375.9,0.0,10,0
2026-08-01T18:30,2026-08-01,Sat,18:30,27,27,0,26,391.4,1.6,9,0
2026-08-01T19:00,2026-08-01,Sat,19:00,21,21,0,21,337.5,0.0,8,0
2026-08-01T19:30,2026-08-01,Sat,19:30,15,15,0,13,439.6,4.9,7,0
2026-08-02T08:00,2026-08-02,Sun,08:00,20,20,0,20,375.4,0.0,7,0
2026-08-02T08:30,2026-08-02,Sun,08:30,32,29,3,27,462.3,8.9,9,0
2026-08-02T09:00,2026-08-02,Sun,09:00,46,41,5,29,418.8,25.2,12,0
2026-08-02T09:30,2026-08-02,Sun,09:30,46,45,1,45,336.6,0.0,14,0
2026-08-02T10:00,2026-08-02,Sun,10:00,57,51,6,42,405.6,14.6,14,0
2026-08-02T10:30,2026-08-02,Sun,10:30,29,29,0,29,432.0,0.0,13,0
2026-08-02T11:00,2026-08-02,Sun,11:00,48,42,6,36,402.7,6.6,11,0
2026-08-02T11:30,2026-08-02,Sun,11:30,42,38,4,38,375.6,1.6,11,0
2026-08-02T12:00,2026-08-02,Sun,12:00,44,44,0,43,333.5,1.2,12,0
2026-08-02T12:30,2026-08-02,Sun,12:30,50,49,1,47,414.3,2.4,13,0
2026-08-02T13:00,2026-08-02,Sun,13:00,51,46,5,38,409.3,11.5,13,0
2026-08-02T13:30,2026-08-02,Sun,13:30,53,48,5,33,417.4,16.7,12,0
2026-08-02T14:00,2026-08-02,Sun,14:00,48,46,2,36,339.9,12.6,11,0
2026-08-02T14:30,2026-08-02,Sun,14:30,35,35,0,34,442.1,1.3,11,0
2026-08-02T15:00,2026-08-02,Sun,15:00,35,33,2,26,350.7,23.9,10,0
2026-08-02T15:30,2026-08-02,Sun,15:30,38,37,1,33,384.1,7.5,10,0
2026-08-02T16:00,2026-08-02,Sun,16:00,31,26,5,20,424.6,13.7,10,0
2026-08-02T16:30,2026-08-02,Sun,16:30,27,26,1,26,356.8,0.7,9,0
2026-08-02T17:00,2026-08-02,Sun,17:00,30,30,0,30,364.4,0.0,9,0
2026-08-02T17:30,2026-08-02,Sun,17:30,32,32,0,31,386.3,1.8,9,0
2026-08-02T18:00,2026-08-02,Sun,18:00,26,25,1,20,369.5,11.3,8,0
2026-08-02T18:30,2026-08-02,Sun,18:30,26,26,0,25,344.4,3.0,7,0
2026-08-02T19:00,2026-08-02,Sun,19:00,14,14,0,14,286.1,0.0,7,0
2026-08-02T19:30,2026-08-02,Sun,19:30,13,13,0,13,329.6,0.0,6,0
2026-08-03T08:00,2026-08-03,Mon,08:00,38,37,1,36,353.6,0.6,13,0
2026-08-03T08:30,2026-08-03,Mon,08:30,80,75,5,65,385.2,10.3,17,0
2026-08-03T09:00,2026-08-03,Mon,09:00,96,91,5,72,431.7,7.8,24,0
2026-08-03T09:30,2026-08-03,Mon,09:30,98,97,1,97,383.9,0.2,28,0
2026-08-03T10:00,2026-08-03,Mon,10:00,106,106,0,106,365.3,0.0,29,0
2026-08-03T10:30,2026-08-03,Mon,10:30,90,90,0,90,384.3,0.0,27,0
2026-08-03T11:00,2026-08-03,Mon,11:00,77,77,0,77,408.4,0.0,23,0
2026-08-03T11:30,2026-08-03,Mon,11:30,72,72,0,71,397.9,1.1,22,0
2026-08-03T12:00,2026-08-03,Mon,12:00,79,79,0,79,376.1,0.0,25,0
2026-08-03T12:30,2026-08-03,Mon,12:30,105,102,3,87,430.5,6.8,27,0
2026-08-03T13:00,2026-08-03,Mon,13:00,107,102,5,94,391.0,5.4,26,0
2026-08-03T13:30,2026-08-03,Mon,13:30,89,88,1,86,375.7,1.3,24,0
2026-08-03T14:00,2026-08-03,Mon,14:00,76,76,0,75,355.3,1.0,22,0
2026-08-03T14:30,2026-08-03,Mon,14:30,80,80,0,80,376.4,0.0,21,0
2026-08-03T15:00,2026-08-03,Mon,15:00,80,80,0,79,362.4,0.4,20,0
2026-08-03T15:30,2026-08-03,Mon,15:30,80,74,6,65,388.7,6.1,20,0
2026-08-03T16:00,2026-08-03,Mon,16:00,72,72,0,72,396.3,0.1,19,0
2026-08-03T16:30,2026-08-03,Mon,16:30,55,55,0,54,402.8,0.5,18,0
2026-08-03T17:00,2026-08-03,Mon,17:00,68,66,2,61,344.6,1.9,17,0
2026-08-03T17:30,2026-08-03,Mon,17:30,59,59,0,59,333.0,0.6,16,0
2026-08-03T18:00,2026-08-03,Mon,18:00,61,58,3,53,444.9,5.5,16,0
2026-08-03T18:30,2026-08-03,Mon,18:30,44,44,0,44,381.2,0.0,14,0
2026-08-03T19:00,2026-08-03,Mon,19:00,36,36,0,36,380.7,0.0,12,0
2026-08-03T19:30,2026-08-03,Mon,19:30,25,25,0,24,401.7,1.4,10,0
2026-08-04T08:00,2026-08-04,Tue,08:00,45,44,1,41,363.1,8.3,11,0
2026-08-04T08:30,2026-08-04,Tue,08:30,62,58,4,50,346.6,8.4,16,0
2026-08-04T09:00,2026-08-04,Tue,09:00,91,87,4,71,373.4,7.8,21,0
2026-08-04T09:30,2026-08-04,Tue,09:30,95,95,0,95,347.6,0.0,25,0
2026-08-04T10:00,2026-08-04,Tue,10:00,103,101,2,94,362.4,3.3,25,0
2026-08-04T10:30,2026-08-04,Tue,10:30,77,77,0,76,390.4,1.1,24,0
2026-08-04T11:00,2026-08-04,Tue,11:00,75,71,4,57,375.2,7.4,20,0
2026-08-04T11:30,2026-08-04,Tue,11:30,69,69,0,69,409.8,0.1,20,0
2026-08-04T12:00,2026-08-04,Tue,12:00,93,88,5,79,345.6,7.8,22,0
2026-08-04T12:30,2026-08-04,Tue,12:30,89,88,1,86,377.6,1.7,24,0
2026-08-04T13:00,2026-08-04,Tue,13:00,80,79,1,79,402.3,0.2,23,0
2026-08-04T13:30,2026-08-04,Tue,13:30,86,81,5,68,342.4,7.1,21,0
2026-08-04T14:00,2026-08-04,Tue,14:00,63,63,0,63,429.9,0.0,20,0
2026-08-04T14:30,2026-08-04,Tue,14:30,67,66,1,66,383.9,0.3,19,0
2026-08-04T15:00,2026-08-04,Tue,15:00,61,58,3,56,356.3,1.1,18,0
2026-08-04T15:30,2026-08-04,Tue,15:30,60,59,1,58,387.8,1.3,18,0
2026-08-04T16:00,2026-08-04,Tue,16:00,62,60,2,57,348.5,1.9,17,0
2026-08-04T16:30,2026-08-04,Tue,16:30,48,48,0,48,408.5,0.0,16,0
2026-08-04T17:00,2026-08-04,Tue,17:00,70,68,2,61,398.4,6.3,16,0
2026-08-04T17:30,2026-08-04,Tue,17:30,55,51,4,42,375.3,10.3,15,0
2026-08-04T18:00,2026-08-04,Tue,18:00,47,47,0,46,387.4,0.7,14,0
2026-08-04T18:30,2026-08-04,Tue,18:30,38,38,0,36,366.8,3.2,12,0
2026-08-04T19:00,2026-08-04,Tue,19:00,38,34,4,31,406.1,3.8,11,0
2026-08-04T19:30,2026-08-04,Tue,19:30,31,31,0,31,366.2,0.0,9,0
2026-08-05T08:00,2026-08-05,Wed,08:00,23,23,0,23,414.5,0.0,11,0
2026-08-05T08:30,2026-08-05,Wed,08:30,58,55,3,47,396.2,7.5,14,0
2026-08-05T09:00,2026-08-05,Wed,09:00,76,75,1,74,359.7,0.6,20,0
2026-08-05T09:30,2026-08-05,Wed,09:30,94,94,0,89,426.2,3.6,23,0
2026-08-05T10:00,2026-08-05,Wed,10:00,96,89,7,78,418.6,9.7,23,0
2026-08-05T10:30,2026-08-05,Wed,10:30,94,86,8,59,362.0,15.8,22,0
2026-08-05T11:00,2026-08-05,Wed,11:00,80,74,6,63,387.8,8.3,19,0
2026-08-05T11:30,2026-08-05,Wed,11:30,53,53,0,53,437.9,0.0,18,0
2026-08-05T12:00,2026-08-05,Wed,12:00,68,67,1,65,398.8,1.6,20,0
2026-08-05T12:30,2026-08-05,Wed,12:30,86,86,0,82,360.0,1.5,22,0
2026-08-05T13:00,2026-08-05,Wed,13:00,80,79,1,74,382.6,2.9,21,0
2026-08-05T13:30,2026-08-05,Wed,13:30,81,80,1,80,359.1,0.4,20,0
2026-08-05T14:00,2026-08-05,Wed,14:00,67,67,0,67,327.6,0.0,18,0
2026-08-05T14:30,2026-08-05,Wed,14:30,62,62,0,62,396.7,0.1,17,0
2026-08-05T15:00,2026-08-05,Wed,15:00,50,49,1,49,433.3,0.5,17,0
2026-08-05T15:30,2026-08-05,Wed,15:30,80,72,8,50,344.5,16.7,17,0
2026-08-05T16:00,2026-08-05,Wed,16:00,56,55,1,49,385.2,6.9,16,0
2026-08-05T16:30,2026-08-05,Wed,16:30,49,49,0,48,351.6,0.6,15,0
2026-08-05T17:00,2026-08-05,Wed,17:00,47,47,0,47,359.8,0.0,14,0
2026-08-05T17:30,2026-08-05,Wed,17:30,37,37,0,37,373.8,0.0,14,0
2026-08-05T18:00,2026-08-05,Wed,18:00,35,35,0,35,357.0,0.0,13,0
2026-08-05T18:30,2026-08-05,Wed,18:30,41,40,1,36,384.0,5.6,11,0
2026-08-05T19:00,2026-08-05,Wed,19:00,30,29,1,28,305.7,2.4,10,0
2026-08-05T19:30,2026-08-05,Wed,19:30,31,29,2,28,412.0,1.8,9,0
2026-08-06T08:00,2026-08-06,Thu,08:00,30,30,0,29,410.5,1.1,11,0
2026-08-06T08:30,2026-08-06,Thu,08:30,44,44,0,44,324.6,0.0,14,0
2026-08-06T09:00,2026-08-06,Thu,09:00,81,80,1,78,381.7,1.9,20,0
2026-08-06T09:30,2026-08-06,Thu,09:30,77,75,2,73,410.7,1.3,23,0
2026-08-06T10:00,2026-08-06,Thu,10:00,69,69,0,69,361.8,0.0,23,0
2026-08-06T10:30,2026-08-06,Thu,10:30,79,79,0,79,377.7,0.0,22,0
2026-08-06T11:00,2026-08-06,Thu,11:00,66,66,0,63,373.6,1.5,19,0
2026-08-06T11:30,2026-08-06,Thu,11:30,58,57,1,55,382.6,4.1,18,0
2026-08-06T12:00,2026-08-06,Thu,12:00,78,78,0,78,380.3,0.0,20,0
2026-08-06T12:30,2026-08-06,Thu,12:30,90,87,3,78,365.4,3.5,22,0
2026-08-06T13:00,2026-08-06,Thu,13:00,80,80,0,77,396.1,2.0,21,0
2026-08-06T13:30,2026-08-06,Thu,13:30,79,78,1,75,320.1,1.6,20,0
2026-08-06T14:00,2026-08-06,Thu,14:00,61,58,3,53,388.0,5.2,18,0
2026-08-06T14:30,2026-08-06,Thu,14:30,79,73,6,67,364.6,4.5,17,0
2026-08-06T15:00,2026-08-06,Thu,15:00,69,68,1,66,353.9,1.8,17,0
2026-08-06T15:30,2026-08-06,Thu,15:30,60,56,4,50,393.3,10.9,17,0
2026-08-06T16:00,2026-08-06,Thu,16:00,48,48,0,48,334.7,0.0,16,0
2026-08-06T16:30,2026-08-06,Thu,16:30,68,67,1,62,344.4,4.6,15,0
2026-08-06T17:00,2026-08-06,Thu,17:00,37,37,0,37,362.9,0.0,14,0
2026-08-06T17:30,2026-08-06,Thu,17:30,59,52,7,35,413.8,15.1,14,0
2026-08-06T18:00,2026-08-06,Thu,18:00,42,42,0,42,410.3,0.0,13,0
2026-08-06T18:30,2026-08-06,Thu,18:30,34,31,3,28,374.2,4.7,11,0
2026-08-06T19:00,2026-08-06,Thu,19:00,29,29,0,28,464.4,3.2,10,0
2026-08-06T19:30,2026-08-06,Thu,19:30,22,22,0,22,403.6,0.4,9,0
2026-08-07T08:00,2026-08-07,Fri,08:00,28,28,0,28,362.4,0.0,10,0
2026-08-07T08:30,2026-08-07,Fri,08:30,59,56,3,51,363.4,3.9,14,0
2026-08-07T09:00,2026-08-07,Fri,09:00,50,50,0,50,308.5,0.0,19,0
2026-08-07T09:30,2026-08-07,Fri,09:30,84,81,3,59,395.6,14.8,22,0
2026-08-07T10:00,2026-08-07,Fri,10:00,84,82,2,77,406.3,2.6,22,0
2026-08-07T10:30,2026-08-07,Fri,10:30,75,72,3,69,422.1,1.9,21,0
2026-08-07T11:00,2026-08-07,Fri,11:00,62,60,2,56,430.6,2.6,18,0
2026-08-07T11:30,2026-08-07,Fri,11:30,69,64,5,59,396.0,3.1,17,0
2026-08-07T12:00,2026-08-07,Fri,12:00,80,79,1,75,379.1,2.2,19,0
2026-08-07T12:30,2026-08-07,Fri,12:30,68,68,0,68,335.7,0.0,21,0
2026-08-07T13:00,2026-08-07,Fri,13:00,87,83,4,65,384.6,10.8,20,0
2026-08-07T13:30,2026-08-07,Fri,13:30,66,66,0,66,363.4,0.0,19,0
2026-08-07T14:00,2026-08-07,Fri,14:00,65,65,0,64,358.2,0.8,17,0
2026-08-07T14:30,2026-08-07,Fri,14:30,66,65,1,62,327.1,1.5,17,0
2026-08-07T15:00,2026-08-07,Fri,15:00,52,52,0,52,353.6,0.2,16,0
2026-08-07T15:30,2026-08-07,Fri,15:30,57,55,2,55,349.0,0.5,16,0
2026-08-07T16:00,2026-08-07,Fri,16:00,53,53,0,53,412.8,0.0,15,0
2026-08-07T16:30,2026-08-07,Fri,16:30,56,55,1,46,384.5,9.2,15,0
2026-08-07T17:00,2026-08-07,Fri,17:00,56,54,2,49,379.9,4.3,14,0
2026-08-07T17:30,2026-08-07,Fri,17:30,41,39,2,35,399.2,5.5,13,0
2026-08-07T18:00,2026-08-07,Fri,18:00,42,41,1,39,373.2,3.4,12,0
2026-08-07T18:30,2026-08-07,Fri,18:30,41,39,2,35,313.7,3.4,11,0
2026-08-07T19:00,2026-08-07,Fri,19:00,37,36,1,35,319.4,2.0,10,0
2026-08-07T19:30,2026-08-07,Fri,19:30,20,17,3,17,392.5,0.0,8,0
2026-08-08T08:00,2026-08-08,Sat,08:00,30,29,1,28,380.1,1.8,8,0
2026-08-08T08:30,2026-08-08,Sat,08:30,36,35,1,33,431.7,3.4,11,0
2026-08-08T09:00,2026-08-08,Sat,09:00,56,54,2,53,395.5,0.8,14,0
2026-08-08T09:30,2026-08-08,Sat,09:30,58,55,3,50,392.6,3.7,17,0
2026-08-08T10:00,2026-08-08,Sat,10:00,56,56,0,56,400.6,0.0,17,0
2026-08-08T10:30,2026-08-08,Sat,10:30,59,59,0,59,379.5,0.0,16,0
2026-08-08T11:00,2026-08-08,Sat,11:00,52,50,2,47,369.1,4.0,14,0
2026-08-08T11:30,2026-08-08,Sat,11:30,41,40,1,35,424.6,8.9,13,0
2026-08-08T12:00,2026-08-08,Sat,12:00,58,57,1,55,351.9,2.1,15,0
2026-08-08T12:30,2026-08-08,Sat,12:30,43,43,0,43,386.5,0.3,16,0
2026-08-08T13:00,2026-08-08,Sat,13:00,49,49,0,49,407.2,0.0,16,0
2026-08-08T13:30,2026-08-08,Sat,13:30,60,57,3,47,313.5,6.8,14,0
2026-08-08T14:00,2026-08-08,Sat,14:00,46,45,1,37,405.1,7.7,13,0
2026-08-08T14:30,2026-08-08,Sat,14:30,43,43,0,43,387.0,0.0,13,0
2026-08-08T15:00,2026-08-08,Sat,15:00,51,47,4,30,374.1,17.5,12,0
2026-08-08T15:30,2026-08-08,Sat,15:30,57,53,4,39,350.2,15.7,12,0
2026-08-08T16:00,2026-08-08,Sat,16:00,36,35,1,35,459.9,0.2,12,0
2026-08-08T16:30,2026-08-08,Sat,16:30,46,39,7,32,369.3,8.0,11,0
2026-08-08T17:00,2026-08-08,Sat,17:00,38,38,0,38,345.2,0.1,11,0
2026-08-08T17:30,2026-08-08,Sat,17:30,27,26,1,22,463.3,5.1,10,0
2026-08-08T18:00,2026-08-08,Sat,18:00,22,22,0,22,383.8,0.0,10,0
2026-08-08T18:30,2026-08-08,Sat,18:30,25,25,0,25,329.3,0.0,9,0
2026-08-08T19:00,2026-08-08,Sat,19:00,17,16,1,14,364.7,4.4,8,0
2026-08-08T19:30,2026-08-08,Sat,19:30,17,17,0,17,334.8,0.0,7,0
2026-08-09T08:00,2026-08-09,Sun,08:00,24,23,1,22,405.4,4.0,7,0
2026-08-09T08:30,2026-08-09,Sun,08:30,23,23,0,23,361.6,0.8,9,0
2026-08-09T09:00,2026-08-09,Sun,09:00,40,38,2,31,377.1,12.1,12,0
2026-08-09T09:30,2026-08-09,Sun,09:30,46,46,0,46,380.2,0.1,14,0
2026-08-09T10:00,2026-08-09,Sun,10:00,53,52,1,52,342.3,0.0,14,0
2026-08-09T10:30,2026-08-09,Sun,10:30,50,50,0,47,403.6,4.7,13,0
2026-08-09T11:00,2026-08-09,Sun,11:00,48,43,5,32,347.1,15.9,11,0
2026-08-09T11:30,2026-08-09,Sun,11:30,36,36,0,36,402.2,0.9,11,0
2026-08-09T12:00,2026-08-09,Sun,12:00,44,43,1,40,430.0,2.4,12,0
2026-08-09T12:30,2026-08-09,Sun,12:30,39,39,0,37,438.6,1.3,13,0
2026-08-09T13:00,2026-08-09,Sun,13:00,42,42,0,41,367.8,3.1,13,0
2026-08-09T13:30,2026-08-09,Sun,13:30,35,35,0,34,416.6,1.3,12,0
2026-08-09T14:00,2026-08-09,Sun,14:00,17,17,0,16,277.9,3.3,11,0
2026-08-09T14:30,2026-08-09,Sun,14:30,26,26,0,26,363.4,0.0,11,0
2026-08-09T15:00,2026-08-09,Sun,15:00,42,41,1,35,378.4,7.3,10,0
2026-08-09T15:30,2026-08-09,Sun,15:30,35,34,1,32,386.0,4.4,10,0
2026-08-09T16:00,2026-08-09,Sun,16:00,30,30,0,30,416.4,0.0,10,0
2026-08-09T16:30,2026-08-09,Sun,16:30,26,25,1,25,426.2,0.0,9,0
2026-08-09T17:00,2026-08-09,Sun,17:00,24,24,0,24,392.3,0.0,9,0
2026-08-09T17:30,2026-08-09,Sun,17:30,17,17,0,17,466.9,0.0,9,0
2026-08-09T18:00,2026-08-09,Sun,18:00,25,24,1,24,433.1,0.0,8,0
2026-08-09T18:30,2026-08-09,Sun,18:30,20,17,3,13,392.6,26.4,7,0
2026-08-09T19:00,2026-08-09,Sun,19:00,14,14,0,13,420.6,3.1,7,0
2026-08-09T19:30,2026-08-09,Sun,19:30,14,14,0,14,479.0,0.2,6,0
2026-08-10T08:00,2026-08-10,Mon,08:00,39,39,0,39,365.3,0.0,13,0
2026-08-10T08:30,2026-08-10,Mon,08:30,63,63,0,63,387.4,0.0,17,0
2026-08-10T09:00,2026-08-10,Mon,09:00,96,95,1,94,407.5,0.7,24,0
2026-08-10T09:30,2026-08-10,Mon,09:30,92,92,0,88,370.2,2.3,28,0
2026-08-10T10:00,2026-08-10,Mon,10:00,118,118,0,114,377.6,1.8,29,0
2026-08-10T10:30,2026-08-10,Mon,10:30,111,111,0,108,347.3,1.6,27,0
2026-08-10T11:00,2026-08-10,Mon,11:00,91,91,0,89,331.7,1.7,23,0
2026-08-10T11:30,2026-08-10,Mon,11:30,87,86,1,85,412.6,0.5,22,0
2026-08-10T12:00,2026-08-10,Mon,12:00,105,97,8,73,410.5,11.0,25,0
2026-08-10T12:30,2026-08-10,Mon,12:30,104,92,12,74,458.9,9.8,27,0
2026-08-10T13:00,2026-08-10,Mon,13:00,122,109,13,83,408.0,10.6,26,0
2026-08-10T13:30,2026-08-10,Mon,13:30,75,74,1,72,403.2,1.0,24,0
2026-08-10T14:00,2026-08-10,Mon,14:00,88,87,1,84,355.0,1.8,22,0
2026-08-10T14:30,2026-08-10,Mon,14:30,75,75,0,75,345.0,0.0,21,0
2026-08-10T15:00,2026-08-10,Mon,15:00,78,78,0,78,346.6,0.2,20,0
2026-08-10T15:30,2026-08-10,Mon,15:30,76,75,1,75,421.9,0.4,20,0
2026-08-10T16:00,2026-08-10,Mon,16:00,67,64,3,55,390.3,7.5,19,0
2026-08-10T16:30,2026-08-10,Mon,16:30,73,70,3,60,371.8,8.4,18,0
2026-08-10T17:00,2026-08-10,Mon,17:00,54,53,1,50,409.0,2.4,17,0
2026-08-10T17:30,2026-08-10,Mon,17:30,75,68,7,56,433.6,8.8,16,0
2026-08-10T18:00,2026-08-10,Mon,18:00,54,52,2,43,415.7,12.2,16,0
2026-08-10T18:30,2026-08-10,Mon,18:30,52,50,2,46,349.7,4.6,14,0
2026-08-10T19:00,2026-08-10,Mon,19:00,44,44,0,44,365.7,0.0,12,0
2026-08-10T19:30,2026-08-10,Mon,19:30,41,38,3,35,340.9,4.2,10,0
2026-08-11T08:00,2026-08-11,Tue,08:00,41,41,0,41,337.0,0.0,11,0
2026-08-11T08:30,2026-08-11,Tue,08:30,51,51,0,51,357.5,0.0,16,0
2026-08-11T09:00,2026-08-11,Tue,09:00,78,77,1,69,420.6,5.3,21,0
2026-08-11T09:30,2026-08-11,Tue,09:30,116,104,12,71,402.4,16.6,25,0
2026-08-11T10:00,2026-08-11,Tue,10:00,92,92,0,92,367.9,0.0,25,0
2026-08-11T10:30,2026-08-11,Tue,10:30,82,82,0,81,391.8,0.7,24,0
2026-08-11T11:00,2026-08-11,Tue,11:00,73,73,0,73,356.6,0.3,20,0
2026-08-11T11:30,2026-08-11,Tue,11:30,52,52,0,52,365.0,0.0,20,0
2026-08-11T12:00,2026-08-11,Tue,12:00,89,86,3,73,367.3,6.4,22,0
2026-08-11T12:30,2026-08-11,Tue,12:30,97,94,3,87,406.4,3.5,24,0
2026-08-11T13:00,2026-08-11,Tue,13:00,81,81,0,79,390.3,1.1,23,0
2026-08-11T13:30,2026-08-11,Tue,13:30,71,71,0,70,383.1,1.0,21,0
2026-08-11T14:00,2026-08-11,Tue,14:00,98,90,8,64,398.0,15.5,20,0
2026-08-11T14:30,2026-08-11,Tue,14:30,67,67,0,67,378.7,0.0,19,0
2026-08-11T15:00,2026-08-11,Tue,15:00,67,63,4,53,419.4,5.8,18,0
2026-08-11T15:30,2026-08-11,Tue,15:30,68,67,1,66,326.0,0.4,18,0
2026-08-11T16:00,2026-08-11,Tue,16:00,52,52,0,52,370.1,0.0,17,0
2026-08-11T16:30,2026-08-11,Tue,16:30,61,58,3,47,421.5,13.2,16,0
2026-08-11T17:00,2026-08-11,Tue,17:00,65,62,3,57,401.6,4.2,16,0
2026-08-11T17:30,2026-08-11,Tue,17:30,50,49,1,47,385.6,1.1,15,0
2026-08-11T18:00,2026-08-11,Tue,18:00,54,54,0,48,346.7,5.2,14,0
2026-08-11T18:30,2026-08-11,Tue,18:30,33,33,0,28,383.7,5.6,12,0
2026-08-11T19:00,2026-08-11,Tue,19:00,31,31,0,31,349.6,0.0,11,0
2026-08-11T19:30,2026-08-11,Tue,19:30,26,26,0,26,388.0,1.1,9,0
2026-08-12T08:00,2026-08-12,Wed,08:00,44,44,0,41,339.0,4.9,11,1
2026-08-12T08:30,2026-08-12,Wed,08:30,63,59,4,49,382.5,12.7,14,1
2026-08-12T09:00,2026-08-12,Wed,09:00,61,61,0,59,370.1,1.4,20,1
2026-08-12T09:30,2026-08-12,Wed,09:30,81,81,0,81,336.3,0.0,23,1
2026-08-12T10:00,2026-08-12,Wed,10:00,85,85,0,85,378.4,0.0,23,1
2026-08-12T10:30,2026-08-12,Wed,10:30,85,84,1,79,361.9,2.6,22,1
2026-08-12T11:00,2026-08-12,Wed,11:00,87,82,5,64,381.7,9.9,19,1
2026-08-12T11:30,2026-08-12,Wed,11:30,62,62,0,62,339.9,0.0,18,1
2026-08-12T12:00,2026-08-12,Wed,12:00,69,69,0,69,353.6,0.4,20,1
2026-08-12T12:30,2026-08-12,Wed,12:30,79,78,1,77,397.9,0.6,22,1
2026-08-12T13:00,2026-08-12,Wed,13:00,373,121,252,10,344.7,100.1,21,1
2026-08-12T13:30,2026-08-12,Wed,13:30,281,81,200,1,419.0,95.4,20,1
2026-08-12T14:00,2026-08-12,Wed,14:00,239,91,148,0,351.4,75.7,18,1
2026-08-12T14:30,2026-08-12,Wed,14:30,143,73,70,18,411.7,48.8,17,1
2026-08-12T15:00,2026-08-12,Wed,15:00,145,71,74,25,423.0,49.9,17,1
2026-08-12T15:30,2026-08-12,Wed,15:30,115,71,44,26,416.3,38.4,17,1
2026-08-12T16:00,2026-08-12,Wed,16:00,103,78,25,40,351.2,23.7,16,1
2026-08-12T16:30,2026-08-12,Wed,16:30,98,64,34,36,401.9,24.1,15,1
2026-08-12T17:00,2026-08-12,Wed,17:00,87,63,24,38,382.7,26.1,14,1
2026-08-12T17:30,2026-08-12,Wed,17:30,55,53,2,49,377.9,3.3,14,1
2026-08-12T18:00,2026-08-12,Wed,18:00,55,46,9,36,430.0,11.1,13,1
2026-08-12T18:30,2026-08-12,Wed,18:30,35,33,2,31,404.5,4.2,11,1
2026-08-12T19:00,2026-08-12,Wed,19:00,38,37,1,33,360.1,9.9,10,1
2026-08-12T19:30,2026-08-12,Wed,19:30,24,23,1,18,338.9,7.9,9,1
2026-08-13T08:00,2026-08-13,Thu,08:00,31,31,0,31,326.2,0.0,11,0
2026-08-13T08:30,2026-08-13,Thu,08:30,56,49,7,39,446.4,10.6,14,0
2026-08-13T09:00,2026-08-13,Thu,09:00,82,80,2,76,404.3,2.2,20,0
2026-08-13T09:30,2026-08-13,Thu,09:30,107,98,9,73,413.8,11.8,23,0
2026-08-13T10:00,2026-08-13,Thu,10:00,81,79,2,77,409.9,1.7,23,0
2026-08-13T10:30,2026-08-13,Thu,10:30,76,76,0,76,323.0,0.0,22,0
2026-08-13T11:00,2026-08-13,Thu,11:00,58,58,0,58,369.6,0.1,19,0
2026-08-13T11:30,2026-08-13,Thu,11:30,52,52,0,52,383.5,0.0,18,0
2026-08-13T12:00,2026-08-13,Thu,12:00,80,75,5,62,376.2,9.5,20,0
2026-08-13T12:30,2026-08-13,Thu,12:30,78,77,1,74,390.1,1.8,22,0
2026-08-13T13:00,2026-08-13,Thu,13:00,84,82,2,69,347.8,10.2,21,0
2026-08-13T13:30,2026-08-13,Thu,13:30,63,62,1,58,377.1,2.8,20,0
2026-08-13T14:00,2026-08-13,Thu,14:00,69,69,0,68,391.8,0.7,18,0
2026-08-13T14:30,2026-08-13,Thu,14:30,68,65,3,58,361.9,6.0,17,0
2026-08-13T15:00,2026-08-13,Thu,15:00,60,60,0,60,359.9,0.0,17,0
2026-08-13T15:30,2026-08-13,Thu,15:30,60,60,0,60,410.2,0.0,17,0
2026-08-13T16:00,2026-08-13,Thu,16:00,64,59,5,50,331.1,7.2,16,0
2026-08-13T16:30,2026-08-13,Thu,16:30,62,60,2,53,372.2,5.2,15,0
2026-08-13T17:00,2026-08-13,Thu,17:00,42,42,0,42,432.3,0.2,14,0
2026-08-13T17:30,2026-08-13,Thu,17:30,52,52,0,48,376.1,6.5,14,0
2026-08-13T18:00,2026-08-13,Thu,18:00,41,41,0,39,396.4,2.4,13,0
2026-08-13T18:30,2026-08-13,Thu,18:30,45,40,5,29,398.9,29.7,11,0
2026-08-13T19:00,2026-08-13,Thu,19:00,28,26,2,26,396.6,0.7,10,0
2026-08-13T19:30,2026-08-13,Thu,19:30,31,31,0,29,351.8,2.9,9,0
2026-08-14T08:00,2026-08-14,Fri,08:00,37,36,1,31,395.7,6.5,10,0
2026-08-14T08:30,2026-08-14,Fri,08:30,44,44,0,44,392.7,0.0,14,0
2026-08-14T09:00,2026-08-14,Fri,09:00,72,72,0,70,374.1,0.8,19,0
2026-08-14T09:30,2026-08-14,Fri,09:30,79,79,0,79,404.9,0.0,22,0
2026-08-14T10:00,2026-08-14,Fri,10:00,85,82,3,78,390.0,2.6,22,0
2026-08-14T10:30,2026-08-14,Fri,10:30,90,85,5,76,429.6,8.2,21,0
2026-08-14T11:00,2026-08-14,Fri,11:00,71,65,6,50,395.9,23.5,18,0
2026-08-14T11:30,2026-08-14,Fri,11:30,67,66,1,55,365.3,5.9,17,0
2026-08-14T12:00,2026-08-14,Fri,12:00,85,82,3,69,364.0,14.9,19,0
2026-08-14T12:30,2026-08-14,Fri,12:30,92,80,12,61,406.7,18.9,21,0
2026-08-14T13:00,2026-08-14,Fri,13:00,80,77,3,65,418.5,7.7,20,0
2026-08-14T13:30,2026-08-14,Fri,13:30,72,72,0,72,400.1,0.2,19,0
2026-08-14T14:00,2026-08-14,Fri,14:00,51,51,0,51,352.0,0.1,17,0
2026-08-14T14:30,2026-08-14,Fri,14:30,59,57,2,54,376.1,2.8,17,0
2026-08-14T15:00,2026-08-14,Fri,15:00,51,51,0,45,381.7,4.9,16,0
2026-08-14T15:30,2026-08-14,Fri,15:30,74,65,9,48,379.3,13.0,16,0
2026-08-14T16:00,2026-08-14,Fri,16:00,54,53,1,51,400.8,3.9,15,0
2026-08-14T16:30,2026-08-14,Fri,16:30,46,46,0,46,425.4,0.3,15,0
2026-08-14T17:00,2026-08-14,Fri,17:00,61,60,1,53,383.0,5.9,14,0
2026-08-14T17:30,2026-08-14,Fri,17:30,39,38,1,38,369.7,0.0,13,0
2026-08-14T18:00,2026-08-14,Fri,18:00,42,42,0,42,430.3,0.1,12,0
2026-08-14T18:30,2026-08-14,Fri,18:30,33,32,1,30,472.8,2.3,11,0
2026-08-14T19:00,2026-08-14,Fri,19:00,31,31,0,30,411.8,1.5,10,0
2026-08-14T19:30,2026-08-14,Fri,19:30,20,19,1,19,342.2,0.0,8,0
2026-08-15T08:00,2026-08-15,Sat,08:00,25,23,2,21,412.5,5.0,8,0
2026-08-15T08:30,2026-08-15,Sat,08:30,41,41,0,41,324.0,0.0,11,0
2026-08-15T09:00,2026-08-15,Sat,09:00,50,50,0,50,351.2,0.4,14,0
2026-08-15T09:30,2026-08-15,Sat,09:30,76,73,3,69,341.7,2.7,17,0
2026-08-15T10:00,2026-08-15,Sat,10:00,68,65,3,54,379.2,10.5,17,0
2026-08-15T10:30,2026-08-15,Sat,10:30,55,55,0,55,349.8,0.0,16,0
2026-08-15T11:00,2026-08-15,Sat,11:00,51,49,2,43,388.0,6.0,14,0
2026-08-15T11:30,2026-08-15,Sat,11:30,51,50,1,47,372.1,5.3,13,0
2026-08-15T12:00,2026-08-15,Sat,12:00,47,47,0,47,362.4,0.0,15,0
2026-08-15T12:30,2026-08-15,Sat,12:30,67,61,6,52,420.2,8.2,16,0
2026-08-15T13:00,2026-08-15,Sat,13:00,58,53,5,40,399.2,17.6,16,0
2026-08-15T13:30,2026-08-15,Sat,13:30,62,61,1,55,375.1,4.4,14,0
2026-08-15T14:00,2026-08-15,Sat,14:00,40,39,1,31,383.9,7.4,13,0
2026-08-15T14:30,2026-08-15,Sat,14:30,45,45,0,45,370.4,0.0,13,0
2026-08-15T15:00,2026-08-15,Sat,15:00,47,42,5,29,405.5,21.8,12,0
2026-08-15T15:30,2026-08-15,Sat,15:30,53,48,5,42,365.4,6.3,12,0
2026-08-15T16:00,2026-08-15,Sat,16:00,40,40,0,40,337.8,0.4,12,0
2026-08-15T16:30,2026-08-15,Sat,16:30,34,34,0,34,390.1,1.1,11,0
2026-08-15T17:00,2026-08-15,Sat,17:00,40,39,1,37,400.5,1.7,11,0
2026-08-15T17:30,2026-08-15,Sat,17:30,39,37,2,35,333.6,5.0,10,0
2026-08-15T18:00,2026-08-15,Sat,18:00,27,27,0,26,409.5,2.4,10,0
2026-08-15T18:30,2026-08-15,Sat,18:30,18,18,0,18,470.0,0.0,9,0
2026-08-15T19:00,2026-08-15,Sat,19:00,19,19,0,19,263.5,0.0,8,0
2026-08-15T19:30,2026-08-15,Sat,19:30,30,29,1,27,385.4,5.4,7,0
2026-08-16T08:00,2026-08-16,Sun,08:00,10,10,0,10,385.2,0.0,7,0
2026-08-16T08:30,2026-08-16,Sun,08:30,22,22,0,22,424.3,0.0,9,0
2026-08-16T09:00,2026-08-16,Sun,09:00,43,40,3,38,435.5,3.5,12,0
2026-08-16T09:30,2026-08-16,Sun,09:30,62,57,5,53,347.4,2.8,14,0
2026-08-16T10:00,2026-08-16,Sun,10:00,48,47,1,43,418.5,4.3,14,0
2026-08-16T10:30,2026-08-16,Sun,10:30,44,42,2,38,427.6,4.4,13,0
2026-08-16T11:00,2026-08-16,Sun,11:00,31,31,0,31,337.2,0.0,11,0
2026-08-16T11:30,2026-08-16,Sun,11:30,30,30,0,28,455.4,1.8,11,0
2026-08-16T12:00,2026-08-16,Sun,12:00,36,36,0,35,406.9,1.9,12,0
2026-08-16T12:30,2026-08-16,Sun,12:30,42,41,1,39,431.8,1.3,13,0
2026-08-16T13:00,2026-08-16,Sun,13:00,32,32,0,32,350.5,0.0,13,0
2026-08-16T13:30,2026-08-16,Sun,13:30,35,35,0,35,339.6,0.0,12,0
2026-08-16T14:00,2026-08-16,Sun,14:00,41,39,2,35,360.1,7.2,11,0
2026-08-16T14:30,2026-08-16,Sun,14:30,34,34,0,34,455.8,0.0,11,0
2026-08-16T15:00,2026-08-16,Sun,15:00,37,34,3,28,345.5,10.1,10,0
2026-08-16T15:30,2026-08-16,Sun,15:30,36,32,4,29,392.2,4.2,10,0
2026-08-16T16:00,2026-08-16,Sun,16:00,35,32,3,28,397.0,6.9,10,0
2026-08-16T16:30,2026-08-16,Sun,16:30,37,35,2,32,373.1,5.9,9,0
2026-08-16T17:00,2026-08-16,Sun,17:00,24,24,0,24,304.6,0.0,9,0
2026-08-16T17:30,2026-08-16,Sun,17:30,31,31,0,31,318.2,0.5,9,0
2026-08-16T18:00,2026-08-16,Sun,18:00,26,25,1,25,401.4,1.2,8,0
2026-08-16T18:30,2026-08-16,Sun,18:30,24,24,0,23,345.7,1.7,7,0
2026-08-16T19:00,2026-08-16,Sun,19:00,14,14,0,14,425.0,2.3,7,0
2026-08-16T19:30,2026-08-16,Sun,19:30,11,11,0,11,392.5,0.0,6,0
2026-08-17T08:00,2026-08-17,Mon,08:00,40,40,0,34,384.1,10.3,13,0
2026-08-17T08:30,2026-08-17,Mon,08:30,69,67,2,59,359.8,6.1,17,0
2026-08-17T09:00,2026-08-17,Mon,09:00,83,83,0,83,356.0,0.0,24,0
2026-08-17T09:30,2026-08-17,Mon,09:30,97,95,2,91,370.0,2.4,28,0
2026-08-17T10:00,2026-08-17,Mon,10:00,122,120,2,109,368.6,4.1,29,0
2026-08-17T10:30,2026-08-17,Mon,10:30,127,122,5,106,390.2,9.7,27,0
2026-08-17T11:00,2026-08-17,Mon,11:00,77,76,1,75,369.0,1.1,23,0
2026-08-17T11:30,2026-08-17,Mon,11:30,77,72,5,66,384.3,3.3,22,0
2026-08-17T12:00,2026-08-17,Mon,12:00,94,94,0,94,382.8,0.0,25,0
2026-08-17T12:30,2026-08-17,Mon,12:30,119,113,6,110,369.0,1.6,27,0
2026-08-17T13:00,2026-08-17,Mon,13:00,117,109,8,89,387.5,9.4,26,0
2026-08-17T13:30,2026-08-17,Mon,13:30,72,72,0,72,364.6,0.0,24,0
2026-08-17T14:00,2026-08-17,Mon,14:00,100,91,9,71,420.4,12.0,22,0
2026-08-17T14:30,2026-08-17,Mon,14:30,82,82,0,78,414.9,2.8,21,0
2026-08-17T15:00,2026-08-17,Mon,15:00,78,77,1,68,374.6,5.6,20,0
2026-08-17T15:30,2026-08-17,Mon,15:30,81,77,4,74,363.8,1.5,20,0
2026-08-17T16:00,2026-08-17,Mon,16:00,78,75,3,72,377.3,2.4,19,0
2026-08-17T16:30,2026-08-17,Mon,16:30,62,61,1,57,351.0,2.2,18,0
2026-08-17T17:00,2026-08-17,Mon,17:00,62,62,0,62,372.4,0.1,17,0
2026-08-17T17:30,2026-08-17,Mon,17:30,68,67,1,49,346.2,12.8,16,0
2026-08-17T18:00,2026-08-17,Mon,18:00,60,59,1,53,422.4,7.3,16,0
2026-08-17T18:30,2026-08-17,Mon,18:30,38,36,2,32,400.3,7.1,14,0
2026-08-17T19:00,2026-08-17,Mon,19:00,36,36,0,36,352.0,0.0,12,0
2026-08-17T19:30,2026-08-17,Mon,19:30,34,34,0,34,425.0,0.0,10,0
2026-08-18T08:00,2026-08-18,Tue,08:00,34,33,1,32,369.0,1.5,11,0
2026-08-18T08:30,2026-08-18,Tue,08:30,47,47,0,47,424.2,0.0,16,0
2026-08-18T09:00,2026-08-18,Tue,09:00,83,80,3,66,420.0,9.4,21,0
2026-08-18T09:30,2026-08-18,Tue,09:30,109,108,1,98,378.6,3.9,25,0
2026-08-18T10:00,2026-08-18,Tue,10:00,99,95,4,85,369.4,4.3,25,0
2026-08-18T10:30,2026-08-18,Tue,10:30,69,69,0,69,378.3,0.0,24,0
2026-08-18T11:00,2026-08-18,Tue,11:00,61,61,0,61,341.6,0.0,20,0
2026-08-18T11:30,2026-08-18,Tue,11:30,84,75,9,60,378.5,21.3,20,0
2026-08-18T12:00,2026-08-18,Tue,12:00,80,79,1,78,381.2,0.8,22,0
2026-08-18T12:30,2026-08-18,Tue,12:30,124,108,16,79,367.4,12.2,24,0
2026-08-18T13:00,2026-08-18,Tue,13:00,87,85,2,75,380.5,6.5,23,0
2026-08-18T13:30,2026-08-18,Tue,13:30,83,83,0,83,362.2,0.2,21,0
2026-08-18T14:00,2026-08-18,Tue,14:00,76,69,7,54,416.2,14.0,20,0
2026-08-18T14:30,2026-08-18,Tue,14:30,60,59,1,57,452.5,1.6,19,0
2026-08-18T15:00,2026-08-18,Tue,15:00,59,58,1,57,404.2,0.8,18,0
2026-08-18T15:30,2026-08-18,Tue,15:30,74,71,3,70,375.4,0.5,18,0
2026-08-18T16:00,2026-08-18,Tue,16:00,57,54,3,49,378.3,4.2,17,0
2026-08-18T16:30,2026-08-18,Tue,16:30,64,64,0,64,348.8,0.3,16,0
2026-08-18T17:00,2026-08-18,Tue,17:00,68,64,4,53,376.7,7.3,16,0
2026-08-18T17:30,2026-08-18,Tue,17:30,54,53,1,48,386.5,5.5,15,0
2026-08-18T18:00,2026-08-18,Tue,18:00,48,47,1,45,392.2,2.8,14,0
2026-08-18T18:30,2026-08-18,Tue,18:30,42,37,5,33,406.7,14.9,12,0
2026-08-18T19:00,2026-08-18,Tue,19:00,39,35,4,31,424.0,9.8,11,0
2026-08-18T19:30,2026-08-18,Tue,19:30,41,33,8,14,424.3,35.6,9,0
2026-08-19T08:00,2026-08-19,Wed,08:00,36,36,0,36,393.3,0.4,11,0
2026-08-19T08:30,2026-08-19,Wed,08:30,32,32,0,32,377.1,0.0,14,0
2026-08-19T09:00,2026-08-19,Wed,09:00,74,74,0,72,365.3,0.7,20,0
2026-08-19T09:30,2026-08-19,Wed,09:30,88,88,0,88,402.2,0.0,23,0
2026-08-19T10:00,2026-08-19,Wed,10:00,71,71,0,71,371.5,0.0,23,0
2026-08-19T10:30,2026-08-19,Wed,10:30,78,77,1,75,374.6,1.6,22,0
2026-08-19T11:00,2026-08-19,Wed,11:00,62,62,0,58,402.5,3.2,19,0
2026-08-19T11:30,2026-08-19,Wed,11:30,70,69,1,69,372.9,0.0,18,0
2026-08-19T12:00,2026-08-19,Wed,12:00,75,74,1,68,410.8,2.9,20,0
2026-08-19T12:30,2026-08-19,Wed,12:30,70,70,0,70,390.0,0.4,22,0
2026-08-19T13:00,2026-08-19,Wed,13:00,83,81,2,80,360.9,1.2,21,0
2026-08-19T13:30,2026-08-19,Wed,13:30,69,68,1,65,339.0,3.2,20,0
2026-08-19T14:00,2026-08-19,Wed,14:00,63,63,0,63,318.9,0.0,18,0
2026-08-19T14:30,2026-08-19,Wed,14:30,68,68,0,68,355.1,0.0,17,0
2026-08-19T15:00,2026-08-19,Wed,15:00,62,62,0,62,363.3,0.0,17,0
2026-08-19T15:30,2026-08-19,Wed,15:30,65,61,4,50,385.1,11.8,17,0
2026-08-19T16:00,2026-08-19,Wed,16:00,86,74,12,65,359.2,5.4,16,0
2026-08-19T16:30,2026-08-19,Wed,16:30,50,48,2,41,350.3,8.2,15,0
2026-08-19T17:00,2026-08-19,Wed,17:00,50,47,3,44,409.7,4.4,14,0
2026-08-19T17:30,2026-08-19,Wed,17:30,47,47,0,45,391.0,1.6,14,0
2026-08-19T18:00,2026-08-19,Wed,18:00,43,43,0,43,406.7,0.2,13,0
2026-08-19T18:30,2026-08-19,Wed,18:30,54,51,3,35,363.4,21.4,11,0
2026-08-19T19:00,2026-08-19,Wed,19:00,23,23,0,23,401.3,0.0,10,0
2026-08-19T19:30,2026-08-19,Wed,19:30,27,27,0,27,411.3,0.5,9,0
2026-08-20T08:00,2026-08-20,Thu,08:00,38,38,0,38,297.9,0.0,11,0
2026-08-20T08:30,2026-08-20,Thu,08:30,60,47,13,31,396.7,38.4,14,0
2026-08-20T09:00,2026-08-20,Thu,09:00,84,79,5,67,399.7,8.0,20,0
2026-08-20T09:30,2026-08-20,Thu,09:30,85,85,0,85,379.4,0.4,23,0
2026-08-20T10:00,2026-08-20,Thu,10:00,101,97,4,81,384.3,7.0,23,0
2026-08-20T10:30,2026-08-20,Thu,10:30,66,65,1,65,373.1,0.0,22,0
2026-08-20T11:00,2026-08-20,Thu,11:00,74,72,2,67,350.8,3.3,19,0
2026-08-20T11:30,2026-08-20,Thu,11:30,67,64,3,57,400.8,4.9,18,0
2026-08-20T12:00,2026-08-20,Thu,12:00,90,85,5,78,373.5,4.4,20,0
2026-08-20T12:30,2026-08-20,Thu,12:30,75,75,0,75,415.8,0.1,22,0
2026-08-20T13:00,2026-08-20,Thu,13:00,77,75,2,71,393.1,2.3,21,0
2026-08-20T13:30,2026-08-20,Thu,13:30,86,80,6,65,417.2,9.1,20,0
2026-08-20T14:00,2026-08-20,Thu,14:00,54,53,1,43,362.5,9.8,18,0
2026-08-20T14:30,2026-08-20,Thu,14:30,66,61,5,54,413.5,4.7,17,0
2026-08-20T15:00,2026-08-20,Thu,15:00,54,53,1,51,387.5,2.3,17,0
2026-08-20T15:30,2026-08-20,Thu,15:30,69,63,6,52,402.0,10.7,17,0
2026-08-20T16:00,2026-08-20,Thu,16:00,58,57,1,54,394.8,1.9,16,0
2026-08-20T16:30,2026-08-20,Thu,16:30,54,50,4,39,435.0,9.8,15,0
2026-08-20T17:00,2026-08-20,Thu,17:00,36,36,0,30,372.1,8.4,14,0
2026-08-20T17:30,2026-08-20,Thu,17:30,48,47,1,43,426.6,5.6,14,0
2026-08-20T18:00,2026-08-20,Thu,18:00,40,39,1,39,365.4,0.0,13,0
2026-08-20T18:30,2026-08-20,Thu,18:30,30,30,0,28,391.2,1.8,11,0
2026-08-20T19:00,2026-08-20,Thu,19:00,30,28,2,26,359.0,2.9,10,0
2026-08-20T19:30,2026-08-20,Thu,19:30,16,16,0,16,328.4,0.0,9,0
2026-08-21T08:00,2026-08-21,Fri,08:00,37,37,0,37,366.3,0.2,10,0
2026-08-21T08:30,2026-08-21,Fri,08:30,38,38,0,38,351.7,0.0,14,0
2026-08-21T09:00,2026-08-21,Fri,09:00,72,72,0,72,407.9,0.3,19,0
2026-08-21T09:30,2026-08-21,Fri,09:30,82,79,3,77,390.4,2.3,22,0
2026-08-21T10:00,2026-08-21,Fri,10:00,69,69,0,69,384.8,0.0,22,0
2026-08-21T10:30,2026-08-21,Fri,10:30,74,69,5,62,414.5,5.0,21,0
2026-08-21T11:00,2026-08-21,Fri,11:00,51,51,0,51,388.2,0.0,18,0
2026-08-21T11:30,2026-08-21,Fri,11:30,52,52,0,52,362.5,0.0,17,0
2026-08-21T12:00,2026-08-21,Fri,12:00,78,77,1,70,384.4,5.2,19,0
2026-08-21T12:30,2026-08-21,Fri,12:30,95,84,11,61,384.9,21.9,21,0
2026-08-21T13:00,2026-08-21,Fri,13:00,75,75,0,73,381.5,1.1,20,0
2026-08-21T13:30,2026-08-21,Fri,13:30,81,79,2,74,355.8,4.1,19,0
2026-08-21T14:00,2026-08-21,Fri,14:00,69,61,8,51,376.7,13.7,17,0
2026-08-21T14:30,2026-08-21,Fri,14:30,74,70,4,69,392.7,2.1,17,0
2026-08-21T15:00,2026-08-21,Fri,15:00,63,57,6,50,412.6,7.2,16,0
2026-08-21T15:30,2026-08-21,Fri,15:30,88,72,16,44,395.9,22.3,16,0
2026-08-21T16:00,2026-08-21,Fri,16:00,50,47,3,38,385.0,18.9,15,0
2026-08-21T16:30,2026-08-21,Fri,16:30,51,49,2,43,416.8,5.7,15,0
2026-08-21T17:00,2026-08-21,Fri,17:00,48,48,0,46,384.9,1.8,14,0
2026-08-21T17:30,2026-08-21,Fri,17:30,48,42,6,31,384.9,12.7,13,0
2026-08-21T18:00,2026-08-21,Fri,18:00,46,46,0,46,355.3,0.4,12,0
2026-08-21T18:30,2026-08-21,Fri,18:30,33,31,2,30,386.9,3.4,11,0
2026-08-21T19:00,2026-08-21,Fri,19:00,34,33,1,33,360.1,0.9,10,0
2026-08-21T19:30,2026-08-21,Fri,19:30,25,23,1,19,454.7,14.1,8,0
2026-08-22T08:00,2026-08-22,Sat,08:00,22,22,0,22,449.7,0.0,8,0
2026-08-22T08:30,2026-08-22,Sat,08:30,31,31,0,30,371.9,1.3,11,0
2026-08-22T09:00,2026-08-22,Sat,09:00,32,32,0,32,405.9,0.0,14,0
2026-08-22T09:30,2026-08-22,Sat,09:30,65,65,0,65,357.5,0.0,17,0
2026-08-22T10:00,2026-08-22,Sat,10:00,62,54,8,44,424.9,10.3,17,0
2026-08-22T10:30,2026-08-22,Sat,10:30,48,48,0,47,359.9,2.2,16,0
2026-08-22T11:00,2026-08-22,Sat,11:00,52,51,1,46,357.2,4.9,14,0
2026-08-22T11:30,2026-08-22,Sat,11:30,46,44,2,41,362.9,4.5,13,0
2026-08-22T12:00,2026-08-22,Sat,12:00,55,55,0,55,338.4,0.0,15,0
2026-08-22T12:30,2026-08-22,Sat,12:30,60,60,0,60,376.0,0.2,16,0
2026-08-22T13:00,2026-08-22,Sat,13:00,54,53,1,53,401.7,0.2,16,0
2026-08-22T13:30,2026-08-22,Sat,13:30,47,47,0,47,387.4,0.6,14,0
2026-08-22T14:00,2026-08-22,Sat,14:00,47,44,3,41,384.8,5.8,13,0
2026-08-22T14:30,2026-08-22,Sat,14:30,48,47,1,47,381.6,0.0,13,0
2026-08-22T15:00,2026-08-22,Sat,15:00,43,43,0,41,365.9,1.6,12,0
2026-08-22T15:30,2026-08-22,Sat,15:30,43,41,2,39,331.6,2.4,12,0
2026-08-22T16:00,2026-08-22,Sat,16:00,36,36,0,36,403.5,0.1,12,0
2026-08-22T16:30,2026-08-22,Sat,16:30,33,32,1,30,474.5,3.1,11,0
2026-08-22T17:00,2026-08-22,Sat,17:00,41,41,0,38,346.2,3.8,11,0
2026-08-22T17:30,2026-08-22,Sat,17:30,35,35,0,35,308.4,0.0,10,0
2026-08-22T18:00,2026-08-22,Sat,18:00,33,33,0,33,310.9,0.0,10,0
2026-08-22T18:30,2026-08-22,Sat,18:30,21,20,1,20,363.2,0.0,9,0
2026-08-22T19:00,2026-08-22,Sat,19:00,18,18,0,17,370.1,2.9,8,0
2026-08-22T19:30,2026-08-22,Sat,19:30,15,15,0,15,388.1,0.0,7,0
2026-08-23T08:00,2026-08-23,Sun,08:00,26,24,2,23,331.6,3.8,7,0
2026-08-23T08:30,2026-08-23,Sun,08:30,19,19,0,19,347.0,0.0,9,0
2026-08-23T09:00,2026-08-23,Sun,09:00,42,42,0,42,394.1,0.4,12,0
2026-08-23T09:30,2026-08-23,Sun,09:30,46,46,0,46,366.0,0.0,14,0
2026-08-23T10:00,2026-08-23,Sun,10:00,56,54,2,50,340.4,3.1,14,0
2026-08-23T10:30,2026-08-23,Sun,10:30,56,55,1,49,413.4,4.0,13,0
2026-08-23T11:00,2026-08-23,Sun,11:00,37,35,2,29,370.3,11.6,11,0
2026-08-23T11:30,2026-08-23,Sun,11:30,34,34,0,34,345.4,0.0,11,0
2026-08-23T12:00,2026-08-23,Sun,12:00,36,36,0,36,338.4,0.0,12,0
2026-08-23T12:30,2026-08-23,Sun,12:30,44,44,0,44,330.4,0.0,13,0
2026-08-23T13:00,2026-08-23,Sun,13:00,37,37,0,37,375.4,0.0,13,0
2026-08-23T13:30,2026-08-23,Sun,13:30,34,34,0,34,343.1,0.6,12,0
2026-08-23T14:00,2026-08-23,Sun,14:00,31,31,0,31,375.7,0.4,11,0
2026-08-23T14:30,2026-08-23,Sun,14:30,42,36,6,28,391.4,12.2,11,0
2026-08-23T15:00,2026-08-23,Sun,15:00,37,37,0,37,332.7,0.0,10,0
2026-08-23T15:30,2026-08-23,Sun,15:30,40,40,0,38,330.7,2.6,10,0
2026-08-23T16:00,2026-08-23,Sun,16:00,28,28,0,28,295.9,0.3,10,0
2026-08-23T16:30,2026-08-23,Sun,16:30,24,24,0,23,320.9,1.3,9,0
2026-08-23T17:00,2026-08-23,Sun,17:00,23,23,0,23,315.9,0.0,9,0
2026-08-23T17:30,2026-08-23,Sun,17:30,33,31,2,26,518.1,7.9,9,0
2026-08-23T18:00,2026-08-23,Sun,18:00,28,25,3,21,342.3,11.1,8,0
2026-08-23T18:30,2026-08-23,Sun,18:30,30,29,1,26,377.9,6.6,7,0
2026-08-23T19:00,2026-08-23,Sun,19:00,14,14,0,14,362.7,0.0,7,0
2026-08-23T19:30,2026-08-23,Sun,19:30,6,6,0,6,329.4,0.0,6,0
2026-08-24T08:00,2026-08-24,Mon,08:00,47,47,0,47,385.1,0.4,13,0
2026-08-24T08:30,2026-08-24,Mon,08:30,57,57,0,57,324.4,0.0,17,0
2026-08-24T09:00,2026-08-24,Mon,09:00,103,101,2,92,375.9,3.9,24,0
2026-08-24T09:30,2026-08-24,Mon,09:30,126,120,6,99,396.0,7.1,28,0
2026-08-24T10:00,2026-08-24,Mon,10:00,116,110,6,93,417.5,7.0,29,0
2026-08-24T10:30,2026-08-24,Mon,10:30,116,103,13,76,424.5,16.5,27,0
2026-08-24T11:00,2026-08-24,Mon,11:00,99,88,11,69,401.9,10.7,23,0
2026-08-24T11:30,2026-08-24,Mon,11:30,76,75,1,68,367.2,4.9,22,0
2026-08-24T12:00,2026-08-24,Mon,12:00,92,92,0,88,432.9,2.1,25,0
2026-08-24T12:30,2026-08-24,Mon,12:30,92,92,0,91,337.6,0.2,27,0
2026-08-24T13:00,2026-08-24,Mon,13:00,94,93,1,91,378.9,0.8,26,0
2026-08-24T13:30,2026-08-24,Mon,13:30,88,86,2,81,398.2,2.5,24,0
2026-08-24T14:00,2026-08-24,Mon,14:00,74,74,0,74,347.1,0.2,22,0
2026-08-24T14:30,2026-08-24,Mon,14:30,79,79,0,71,394.1,4.1,21,0
2026-08-24T15:00,2026-08-24,Mon,15:00,77,77,0,76,368.2,0.8,20,0
2026-08-24T15:30,2026-08-24,Mon,15:30,96,92,4,78,336.8,5.7,20,0
2026-08-24T16:00,2026-08-24,Mon,16:00,53,53,0,53,376.9,0.0,19,0
2026-08-24T16:30,2026-08-24,Mon,16:30,79,77,2,76,393.3,1.1,18,0
2026-08-24T17:00,2026-08-24,Mon,17:00,61,57,4,47,434.5,8.0,17,0
2026-08-24T17:30,2026-08-24,Mon,17:30,58,58,0,56,351.0,1.6,16,0
2026-08-24T18:00,2026-08-24,Mon,18:00,58,58,0,58,348.7,0.3,16,0
2026-08-24T18:30,2026-08-24,Mon,18:30,38,37,1,33,392.8,4.8,14,0
2026-08-24T19:00,2026-08-24,Mon,19:00,47,44,3,43,389.3,2.2,12,0
2026-08-24T19:30,2026-08-24,Mon,19:30,20,20,0,19,370.7,1.9,10,0
2026-08-25T08:00,2026-08-25,Tue,08:00,34,34,0,34,354.7,0.0,11,0
2026-08-25T08:30,2026-08-25,Tue,08:30,61,61,0,55,340.8,5.1,16,0
2026-08-25T09:00,2026-08-25,Tue,09:00,90,86,4,64,413.8,17.0,21,0
2026-08-25T09:30,2026-08-25,Tue,09:30,97,96,1,94,370.8,1.3,25,0
2026-08-25T10:00,2026-08-25,Tue,10:00,80,78,2,78,400.4,0.1,25,0
2026-08-25T10:30,2026-08-25,Tue,10:30,119,110,9,94,359.3,6.9,24,0
2026-08-25T11:00,2026-08-25,Tue,11:00,95,82,13,50,389.8,25.8,20,0
2026-08-25T11:30,2026-08-25,Tue,11:30,89,81,8,51,360.7,18.3,20,0
2026-08-25T12:00,2026-08-25,Tue,12:00,79,79,0,79,380.3,0.3,22,0
2026-08-25T12:30,2026-08-25,Tue,12:30,94,93,1,87,395.5,2.8,24,0
2026-08-25T13:00,2026-08-25,Tue,13:00,102,97,5,85,369.0,5.4,23,0
2026-08-25T13:30,2026-08-25,Tue,13:30,81,81,0,80,379.0,1.6,21,0
2026-08-25T14:00,2026-08-25,Tue,14:00,72,72,0,70,336.1,1.4,20,0
2026-08-25T14:30,2026-08-25,Tue,14:30,79,75,4,63,385.3,7.2,19,0
2026-08-25T15:00,2026-08-25,Tue,15:00,65,60,5,44,399.0,15.0,18,0
2026-08-25T15:30,2026-08-25,Tue,15:30,75,73,2,69,390.7,2.7,18,0
2026-08-25T16:00,2026-08-25,Tue,16:00,65,60,5,51,447.3,7.6,17,0
2026-08-25T16:30,2026-08-25,Tue,16:30,71,63,8,54,375.9,10.2,16,0
2026-08-25T17:00,2026-08-25,Tue,17:00,56,56,0,56,372.5,0.5,16,0
2026-08-25T17:30,2026-08-25,Tue,17:30,46,46,0,44,389.0,2.8,15,0
2026-08-25T18:00,2026-08-25,Tue,18:00,57,56,1,50,381.9,11.6,14,0
2026-08-25T18:30,2026-08-25,Tue,18:30,34,34,0,34,378.0,0.3,12,0
2026-08-25T19:00,2026-08-25,Tue,19:00,35,35,0,35,456.1,0.5,11,0
2026-08-25T19:30,2026-08-25,Tue,19:30,24,24,0,22,370.0,3.7,9,0
2026-08-26T08:00,2026-08-26,Wed,08:00,30,30,0,30,374.9,0.0,11,0
2026-08-26T08:30,2026-08-26,Wed,08:30,46,46,0,46,388.2,0.2,14,0
2026-08-26T09:00,2026-08-26,Wed,09:00,69,69,0,69,381.5,0.0,20,0
2026-08-26T09:30,2026-08-26,Wed,09:30,109,104,5,101,348.2,1.1,23,0
2026-08-26T10:00,2026-08-26,Wed,10:00,88,86,2,83,379.2,1.8,23,0
2026-08-26T10:30,2026-08-26,Wed,10:30,98,93,5,82,401.2,6.8,22,0
2026-08-26T11:00,2026-08-26,Wed,11:00,74,72,2,69,359.4,2.7,19,0
2026-08-26T11:30,2026-08-26,Wed,11:30,62,61,1,59,331.7,1.8,18,0
2026-08-26T12:00,2026-08-26,Wed,12:00,75,75,0,71,404.0,1.6,20,0
2026-08-26T12:30,2026-08-26,Wed,12:30,73,73,0,73,376.8,0.0,22,0
2026-08-26T13:00,2026-08-26,Wed,13:00,68,68,0,68,372.4,0.0,21,0
2026-08-26T13:30,2026-08-26,Wed,13:30,77,77,0,77,369.6,0.0,20,0
2026-08-26T14:00,2026-08-26,Wed,14:00,64,64,0,57,363.0,4.7,18,0
2026-08-26T14:30,2026-08-26,Wed,14:30,71,68,3,67,397.8,1.5,17,0
2026-08-26T15:00,2026-08-26,Wed,15:00,50,50,0,50,422.0,0.0,17,0
2026-08-26T15:30,2026-08-26,Wed,15:30,59,57,2,56,320.4,1.3,17,0
2026-08-26T16:00,2026-08-26,Wed,16:00,50,50,0,50,401.5,0.0,16,0
2026-08-26T16:30,2026-08-26,Wed,16:30,43,41,2,41,368.4,0.6,15,0
2026-08-26T17:00,2026-08-26,Wed,17:00,49,48,1,48,412.2,0.1,14,0
2026-08-26T17:30,2026-08-26,Wed,17:30,62,58,4,54,352.4,3.9,14,0
2026-08-26T18:00,2026-08-26,Wed,18:00,53,48,5,43,376.9,6.0,13,0
2026-08-26T18:30,2026-08-26,Wed,18:30,42,42,0,42,364.5,0.0,11,0
2026-08-26T19:00,2026-08-26,Wed,19:00,33,33,0,32,381.0,1.6,10,0
2026-08-26T19:30,2026-08-26,Wed,19:30,30,30,0,29,391.5,1.6,9,0
2026-08-27T08:00,2026-08-27,Thu,08:00,35,35,0,35,319.1,0.0,11,0
2026-08-27T08:30,2026-08-27,Thu,08:30,61,57,4,51,374.7,6.4,14,0
2026-08-27T09:00,2026-08-27,Thu,09:00,84,80,4,72,401.6,3.7,20,0
2026-08-27T09:30,2026-08-27,Thu,09:30,101,99,2,95,361.7,3.1,23,0
2026-08-27T10:00,2026-08-27,Thu,10:00,89,87,2,84,383.9,1.3,23,0
2026-08-27T10:30,2026-08-27,Thu,10:30,85,81,4,69,475.3,6.3,22,0
2026-08-27T11:00,2026-08-27,Thu,11:00,74,69,5,59,390.5,6.9,19,0
2026-08-27T11:30,2026-08-27,Thu,11:30,54,54,0,54,391.2,0.0,18,0
2026-08-27T12:00,2026-08-27,Thu,12:00,68,67,1,66,403.2,0.8,20,0
2026-08-27T12:30,2026-08-27,Thu,12:30,89,85,4,78,340.5,4.1,22,0
2026-08-27T13:00,2026-08-27,Thu,13:00,71,71,0,71,395.9,0.0,21,0
2026-08-27T13:30,2026-08-27,Thu,13:30,54,54,0,54,378.1,0.0,20,0
2026-08-27T14:00,2026-08-27,Thu,14:00,71,71,0,70,369.2,0.6,18,0
2026-08-27T14:30,2026-08-27,Thu,14:30,62,55,7,36,357.4,21.4,17,0
2026-08-27T15:00,2026-08-27,Thu,15:00,57,55,2,55,347.2,0.3,17,0
2026-08-27T15:30,2026-08-27,Thu,15:30,59,58,1,54,352.1,2.5,17,0
2026-08-27T16:00,2026-08-27,Thu,16:00,55,54,1,53,429.4,0.4,16,0
2026-08-27T16:30,2026-08-27,Thu,16:30,52,52,0,48,374.3,4.9,15,0
2026-08-27T17:00,2026-08-27,Thu,17:00,57,55,2,54,391.0,1.4,14,0
2026-08-27T17:30,2026-08-27,Thu,17:30,47,47,0,46,354.9,1.6,14,0
2026-08-27T18:00,2026-08-27,Thu,18:00,55,54,1,49,344.4,4.0,13,0
2026-08-27T18:30,2026-08-27,Thu,18:30,33,32,1,32,403.8,0.1,11,0
2026-08-27T19:00,2026-08-27,Thu,19:00,28,26,2,25,355.5,3.4,10,0
2026-08-27T19:30,2026-08-27,Thu,19:30,31,31,0,30,374.3,1.3,9,0
2026-08-28T08:00,2026-08-28,Fri,08:00,32,31,1,30,384.5,0.8,10,0
2026-08-28T08:30,2026-08-28,Fri,08:30,51,51,0,51,375.2,0.0,14,0
2026-08-28T09:00,2026-08-28,Fri,09:00,60,60,0,60,423.4,0.0,19,0
2026-08-28T09:30,2026-08-28,Fri,09:30,74,74,0,74,368.7,0.0,22,0
2026-08-28T10:00,2026-08-28,Fri,10:00,79,78,1,78,388.8,0.1,22,0
2026-08-28T10:30,2026-08-28,Fri,10:30,64,64,0,64,409.3,0.0,21,0
2026-08-28T11:00,2026-08-28,Fri,11:00,57,57,0,55,412.7,0.7,18,0
2026-08-28T11:30,2026-08-28,Fri,11:30,74,67,7,49,398.0,14.5,17,0
2026-08-28T12:00,2026-08-28,Fri,12:00,70,69,1,65,332.0,3.2,19,0
2026-08-28T12:30,2026-08-28,Fri,12:30,63,63,0,63,367.1,0.0,21,0
2026-08-28T13:00,2026-08-28,Fri,13:00,61,61,0,61,450.0,0.0,20,0
2026-08-28T13:30,2026-08-28,Fri,13:30,85,80,5,74,355.3,3.2,19,0
2026-08-28T14:00,2026-08-28,Fri,14:00,73,66,7,53,413.3,9.5,17,0
2026-08-28T14:30,2026-08-28,Fri,14:30,71,67,4,59,361.8,4.5,17,0
2026-08-28T15:00,2026-08-28,Fri,15:00,53,53,0,53,390.4,0.0,16,0
2026-08-28T15:30,2026-08-28,Fri,15:30,63,62,1,60,410.8,2.0,16,0
2026-08-28T16:00,2026-08-28,Fri,16:00,64,62,2,44,351.1,14.3,15,0
2026-08-28T16:30,2026-08-28,Fri,16:30,54,51,3,43,441.2,7.3,15,0
2026-08-28T17:00,2026-08-28,Fri,17:00,42,42,0,42,333.0,0.2,14,0
2026-08-28T17:30,2026-08-28,Fri,17:30,49,48,1,45,445.3,4.7,13,0
2026-08-28T18:00,2026-08-28,Fri,18:00,50,44,6,38,353.7,9.7,12,0
2026-08-28T18:30,2026-08-28,Fri,18:30,34,33,1,32,387.0,1.3,11,0
2026-08-28T19:00,2026-08-28,Fri,19:00,36,32,4,28,413.5,7.4,10,0
2026-08-28T19:30,2026-08-28,Fri,19:30,27,27,0,23,372.5,7.0,8,0
2026-08-29T08:00,2026-08-29,Sat,08:00,24,24,0,22,379.7,6.8,8,0
2026-08-29T08:30,2026-08-29,Sat,08:30,43,40,3,33,455.0,7.0,11,0
2026-08-29T09:00,2026-08-29,Sat,09:00,50,48,2,45,403.0,2.7,14,0
2026-08-29T09:30,2026-08-29,Sat,09:30,57,57,0,57,399.4,0.2,17,0
2026-08-29T10:00,2026-08-29,Sat,10:00,63,61,2,58,400.9,2.9,17,0
2026-08-29T10:30,2026-08-29,Sat,10:30,50,48,2,44,362.9,2.8,16,0
2026-08-29T11:00,2026-08-29,Sat,11:00,51,49,2,49,354.7,0.7,14,0
2026-08-29T11:30,2026-08-29,Sat,11:30,47,47,0,47,336.1,0.0,13,0
2026-08-29T12:00,2026-08-29,Sat,12:00,52,52,0,52,355.9,0.0,15,0
2026-08-29T12:30,2026-08-29,Sat,12:30,56,55,1,55,407.9,0.4,16,0
2026-08-29T13:00,2026-08-29,Sat,13:00,54,53,1,50,333.6,2.3,16,0
2026-08-29T13:30,2026-08-29,Sat,13:30,47,46,1,42,377.4,5.5,14,0
2026-08-29T14:00,2026-08-29,Sat,14:00,40,40,0,40,365.2,0.0,13,0
2026-08-29T14:30,2026-08-29,Sat,14:30,48,48,0,47,353.8,1.4,13,0
2026-08-29T15:00,2026-08-29,Sat,15:00,46,40,6,31,464.2,15.7,12,0
2026-08-29T15:30,2026-08-29,Sat,15:30,38,38,0,38,376.3,0.0,12,0
2026-08-29T16:00,2026-08-29,Sat,16:00,41,41,0,41,353.1,0.0,12,0
2026-08-29T16:30,2026-08-29,Sat,16:30,34,33,1,31,406.5,3.8,11,0
2026-08-29T17:00,2026-08-29,Sat,17:00,56,51,5,33,344.6,23.1,11,0
2026-08-29T17:30,2026-08-29,Sat,17:30,34,32,2,25,452.1,9.3,10,0
2026-08-29T18:00,2026-08-29,Sat,18:00,39,38,1,38,353.5,0.5,10,0
2026-08-29T18:30,2026-08-29,Sat,18:30,24,24,0,24,307.7,0.0,9,0
2026-08-29T19:00,2026-08-29,Sat,19:00,29,28,1,24,348.4,11.0,8,0
2026-08-29T19:30,2026-08-29,Sat,19:30,14,14,0,14,353.5,0.0,7,0
2026-08-30T08:00,2026-08-30,Sun,08:00,15,15,0,15,295.2,0.0,7,0
2026-08-30T08:30,2026-08-30,Sun,08:30,34,32,2,28,442.9,6.6,9,0
2026-08-30T09:00,2026-08-30,Sun,09:00,38,37,1,31,364.7,10.7,12,0
2026-08-30T09:30,2026-08-30,Sun,09:30,48,46,2,43,395.7,4.2,14,0
2026-08-30T10:00,2026-08-30,Sun,10:00,38,38,0,38,369.2,0.0,14,0
2026-08-30T10:30,2026-08-30,Sun,10:30,44,43,1,43,390.6,0.4,13,0
2026-08-30T11:00,2026-08-30,Sun,11:00,37,36,1,30,354.6,17.0,11,0
2026-08-30T11:30,2026-08-30,Sun,11:30,36,36,0,36,284.5,0.0,11,0
2026-08-30T12:00,2026-08-30,Sun,12:00,40,40,0,40,379.3,0.0,12,0
2026-08-30T12:30,2026-08-30,Sun,12:30,32,32,0,32,365.1,0.0,13,0
2026-08-30T13:00,2026-08-30,Sun,13:00,40,40,0,40,386.5,0.6,13,0
2026-08-30T13:30,2026-08-30,Sun,13:30,59,50,9,41,374.0,14.7,12,0
2026-08-30T14:00,2026-08-30,Sun,14:00,32,32,0,30,370.6,2.6,11,0
2026-08-30T14:30,2026-08-30,Sun,14:30,35,34,1,34,320.0,0.0,11,0
2026-08-30T15:00,2026-08-30,Sun,15:00,24,24,0,24,433.5,0.0,10,0
2026-08-30T15:30,2026-08-30,Sun,15:30,33,32,1,32,352.5,0.2,10,0
2026-08-30T16:00,2026-08-30,Sun,16:00,21,21,0,21,290.5,0.0,10,0
2026-08-30T16:30,2026-08-30,Sun,16:30,32,28,4,22,416.7,13.3,9,0
2026-08-30T17:00,2026-08-30,Sun,17:00,19,19,0,19,374.0,0.0,9,0
2026-08-30T17:30,2026-08-30,Sun,17:30,27,27,0,27,339.6,0.6,9,0
2026-08-30T18:00,2026-08-30,Sun,18:00,27,26,1,26,437.9,0.0,8,0
2026-08-30T18:30,2026-08-30,Sun,18:30,23,22,1,18,408.8,8.0,7,0
2026-08-30T19:00,2026-08-30,Sun,19:00,12,12,0,12,480.6,0.0,7,0
2026-08-30T19:30,2026-08-30,Sun,19:30,20,20,0,19,388.4,4.4,6,0
2026-08-31T08:00,2026-08-31,Mon,08:00,47,45,2,40,392.7,5.8,13,0
2026-08-31T08:30,2026-08-31,Mon,08:30,74,69,5,67,354.8,2.3,17,0
2026-08-31T09:00,2026-08-31,Mon,09:00,91,90,1,85,372.4,1.8,24,0
2026-08-31T09:30,2026-08-31,Mon,09:30,107,106,1,102,404.3,2.9,28,0
2026-08-31T10:00,2026-08-31,Mon,10:00,109,109,0,109,376.0,0.0,29,0
2026-08-31T10:30,2026-08-31,Mon,10:30,114,112,2,100,388.9,6.0,27,0
2026-08-31T11:00,2026-08-31,Mon,11:00,91,89,2,84,373.3,2.3,23,0
2026-08-31T11:30,2026-08-31,Mon,11:30,93,90,3,75,392.7,10.6,22,0
2026-08-31T12:00,2026-08-31,Mon,12:00,88,87,1,87,367.1,0.2,25,0
2026-08-31T12:30,2026-08-31,Mon,12:30,110,110,0,110,345.2,0.2,27,0
2026-08-31T13:00,2026-08-31,Mon,13:00,105,105,0,105,364.7,0.2,26,0
2026-08-31T13:30,2026-08-31,Mon,13:30,98,92,6,73,390.9,10.4,24,0
2026-08-31T14:00,2026-08-31,Mon,14:00,83,82,1,79,374.2,2.1,22,0
2026-08-31T14:30,2026-08-31,Mon,14:30,89,84,5,74,376.1,5.5,21,0
2026-08-31T15:00,2026-08-31,Mon,15:00,68,68,0,68,345.3,0.0,20,0
2026-08-31T15:30,2026-08-31,Mon,15:30,67,67,0,67,322.9,0.0,20,0
2026-08-31T16:00,2026-08-31,Mon,16:00,72,71,1,69,376.8,0.8,19,0
2026-08-31T16:30,2026-08-31,Mon,16:30,69,69,0,68,358.1,0.7,18,0
2026-08-31T17:00,2026-08-31,Mon,17:00,68,67,1,63,392.5,2.4,17,0
2026-08-31T17:30,2026-08-31,Mon,17:30,53,52,1,49,368.1,2.4,16,0
2026-08-31T18:00,2026-08-31,Mon,18:00,50,50,0,50,340.6,0.0,16,0
2026-08-31T18:30,2026-08-31,Mon,18:30,46,46,0,46,404.8,0.0,14,0
2026-08-31T19:00,2026-08-31,Mon,19:00,49,44,5,34,371.3,11.5,12,0
2026-08-31T19:30,2026-08-31,Mon,19:30,38,38,0,35,345.3,3.3,10,0
2026-09-01T08:00,2026-09-01,Tue,08:00,37,37,0,36,307.9,1.5,11,0
2026-09-01T08:30,2026-09-01,Tue,08:30,54,54,0,54,391.9,0.1,16,0
2026-09-01T09:00,2026-09-01,Tue,09:00,92,84,8,65,385.9,11.6,21,0
2026-09-01T09:30,2026-09-01,Tue,09:30,89,88,1,84,411.1,2.0,25,0
2026-09-01T10:00,2026-09-01,Tue,10:00,92,92,0,92,361.1,0.0,25,0
2026-09-01T10:30,2026-09-01,Tue,10:30,104,99,5,89,388.3,6.9,24,0
2026-09-01T11:00,2026-09-01,Tue,11:00,71,71,0,67,329.2,2.3,20,0
2026-09-01T11:30,2026-09-01,Tue,11:30,71,71,0,71,388.6,0.0,20,0
2026-09-01T12:00,2026-09-01,Tue,12:00,84,77,7,60,412.2,11.5,22,0
2026-09-01T12:30,2026-09-01,Tue,12:30,75,75,0,75,416.3,0.0,24,0
2026-09-01T13:00,2026-09-01,Tue,13:00,92,90,2,83,387.2,3.1,23,0
2026-09-01T13:30,2026-09-01,Tue,13:30,83,83,0,79,354.9,2.0,21,0
2026-09-01T14:00,2026-09-01,Tue,14:00,70,69,1,66,379.3,1.4,20,0
2026-09-01T14:30,2026-09-01,Tue,14:30,78,74,4,64,368.6,6.1,19,0
2026-09-01T15:00,2026-09-01,Tue,15:00,75,74,1,68,362.1,3.9,18,0
2026-09-01T15:30,2026-09-01,Tue,15:30,59,59,0,58,386.1,0.6,18,0
2026-09-01T16:00,2026-09-01,Tue,16:00,60,58,2,54,352.0,3.7,17,0
2026-09-01T16:30,2026-09-01,Tue,16:30,62,61,1,54,353.2,7.0,16,0
2026-09-01T17:00,2026-09-01,Tue,17:00,48,48,0,47,376.4,0.8,16,0
2026-09-01T17:30,2026-09-01,Tue,17:30,51,51,0,51,351.8,0.2,15,0
2026-09-01T18:00,2026-09-01,Tue,18:00,41,41,0,39,357.4,2.7,14,0
2026-09-01T18:30,2026-09-01,Tue,18:30,45,43,2,41,370.3,4.6,12,0
2026-09-01T19:00,2026-09-01,Tue,19:00,28,28,0,28,395.2,0.0,11,0
2026-09-01T19:30,2026-09-01,Tue,19:30,31,31,0,24,417.7,14.8,9,0
2026-09-02T08:00,2026-09-02,Wed,08:00,27,27,0,27,345.9,0.0,11,0
2026-09-02T08:30,2026-09-02,Wed,08:30,49,48,1,45,396.4,2.0,14,0
2026-09-02T09:00,2026-09-02,Wed,09:00,84,84,0,82,383.5,1.5,20,0
2026-09-02T09:30,2026-09-02,Wed,09:30,87,84,3,76,397.0,3.5,23,0
2026-09-02T10:00,2026-09-02,Wed,10:00,74,74,0,74,425.0,0.1,23,0
2026-09-02T10:30,2026-09-02,Wed,10:30,83,80,3,73,404.6,5.7,22,0
2026-09-02T11:00,2026-09-02,Wed,11:00,78,72,6,62,388.0,7.8,19,0
2026-09-02T11:30,2026-09-02,Wed,11:30,74,74,0,64,372.8,7.3,18,0
2026-09-02T12:00,2026-09-02,Wed,12:00,70,70,0,70,401.1,0.0,20,0
2026-09-02T12:30,2026-09-02,Wed,12:30,85,80,5,71,400.6,6.4,22,0
2026-09-02T13:00,2026-09-02,Wed,13:00,89,83,6,60,408.7,13.4,21,0
2026-09-02T13:30,2026-09-02,Wed,13:30,66,66,0,63,392.7,1.0,20,0
2026-09-02T14:00,2026-09-02,Wed,14:00,67,67,0,60,364.3,3.9,18,0
2026-09-02T14:30,2026-09-02,Wed,14:30,57,57,0,57,395.1,0.0,17,0
2026-09-02T15:00,2026-09-02,Wed,15:00,55,55,0,54,382.9,0.6,17,0
2026-09-02T15:30,2026-09-02,Wed,15:30,78,76,2,63,385.1,6.7,17,0
2026-09-02T16:00,2026-09-02,Wed,16:00,56,53,3,48,384.0,5.1,16,0
2026-09-02T16:30,2026-09-02,Wed,16:30,54,53,1,45,443.1,6.8,15,0
2026-09-02T17:00,2026-09-02,Wed,17:00,60,55,5,40,400.4,14.4,14,0
2026-09-02T17:30,2026-09-02,Wed,17:30,66,59,7,42,357.2,14.5,14,0
2026-09-02T18:00,2026-09-02,Wed,18:00,34,34,0,33,328.9,1.6,13,0
2026-09-02T18:30,2026-09-02,Wed,18:30,49,45,4,42,398.1,5.8,11,0
2026-09-02T19:00,2026-09-02,Wed,19:00,25,25,0,25,363.6,0.4,10,0
2026-09-02T19:30,2026-09-02,Wed,19:30,19,19,0,19,498.8,0.0,9,0
2026-09-03T08:00,2026-09-03,Thu,08:00,48,46,2,37,405.0,9.4,11,0
2026-09-03T08:30,2026-09-03,Thu,08:30,56,55,1,45,371.3,8.8,14,0
2026-09-03T09:00,2026-09-03,Thu,09:00,64,64,0,64,350.1,0.0,20,0
2026-09-03T09:30,2026-09-03,Thu,09:30,80,79,1,75,401.2,3.8,23,0
2026-09-03T10:00,2026-09-03,Thu,10:00,84,83,1,80,405.0,1.4,23,0
2026-09-03T10:30,2026-09-03,Thu,10:30,76,74,2,68,402.3,3.0,22,0
2026-09-03T11:00,2026-09-03,Thu,11:00,75,75,0,75,359.8,0.2,19,0
2026-09-03T11:30,2026-09-03,Thu,11:30,61,60,1,59,399.1,0.7,18,0
2026-09-03T12:00,2026-09-03,Thu,12:00,72,72,0,72,334.0,0.0,20,0
2026-09-03T12:30,2026-09-03,Thu,12:30,78,78,0,78,389.2,0.0,22,0
2026-09-03T13:00,2026-09-03,Thu,13:00,94,91,3,85,374.6,3.0,21,0
2026-09-03T13:30,2026-09-03,Thu,13:30,78,73,5,62,436.9,7.2,20,0
2026-09-03T14:00,2026-09-03,Thu,14:00,69,67,2,62,395.8,3.7,18,0
2026-09-03T14:30,2026-09-03,Thu,14:30,66,62,4,61,444.2,1.7,17,0
2026-09-03T15:00,2026-09-03,Thu,15:00,66,63,3,49,352.2,11.3,17,0
2026-09-03T15:30,2026-09-03,Thu,15:30,72,60,12,38,416.4,25.8,17,0
2026-09-03T16:00,2026-09-03,Thu,16:00,55,54,1,52,429.2,2.7,16,0
2026-09-03T16:30,2026-09-03,Thu,16:30,57,57,0,52,305.9,3.0,15,0
2026-09-03T17:00,2026-09-03,Thu,17:00,47,47,0,42,375.9,7.7,14,0
2026-09-03T17:30,2026-09-03,Thu,17:30,53,52,1,51,358.7,1.0,14,0
2026-09-03T18:00,2026-09-03,Thu,18:00,48,47,1,45,346.4,1.4,13,0
2026-09-03T18:30,2026-09-03,Thu,18:30,39,38,1,38,351.1,0.3,11,0
2026-09-03T19:00,2026-09-03,Thu,19:00,49,42,7,27,364.5,21.7,10,0
2026-09-03T19:30,2026-09-03,Thu,19:30,26,22,3,20,485.5,5.6,9,0
2026-09-04T08:00,2026-09-04,Fri,08:00,31,31,0,31,420.2,0.0,10,0
2026-09-04T08:30,2026-09-04,Fri,08:30,46,46,0,46,395.0,0.2,14,0
2026-09-04T09:00,2026-09-04,Fri,09:00,90,82,8,49,448.0,21.3,19,0
2026-09-04T09:30,2026-09-04,Fri,09:30,88,81,7,70,401.7,7.9,22,0
2026-09-04T10:00,2026-09-04,Fri,10:00,80,78,2,78,388.4,0.1,22,0
2026-09-04T10:30,2026-09-04,Fri,10:30,85,83,2,82,370.2,0.7,21,0
2026-09-04T11:00,2026-09-04,Fri,11:00,71,63,8,50,410.0,11.7,18,0
2026-09-04T11:30,2026-09-04,Fri,11:30,68,67,1,60,355.1,4.3,17,0
2026-09-04T12:00,2026-09-04,Fri,12:00,80,80,0,67,354.6,7.1,19,0
2026-09-04T12:30,2026-09-04,Fri,12:30,89,86,3,66,365.3,12.5,21,0
2026-09-04T13:00,2026-09-04,Fri,13:00,71,71,0,71,320.6,0.0,20,0
2026-09-04T13:30,2026-09-04,Fri,13:30,71,68,3,62,389.0,4.4,19,0
2026-09-04T14:00,2026-09-04,Fri,14:00,63,63,0,59,349.9,2.3,17,0
2026-09-04T14:30,2026-09-04,Fri,14:30,60,59,1,54,450.0,4.0,17,0
2026-09-04T15:00,2026-09-04,Fri,15:00,54,52,2,51,359.6,1.3,16,0
2026-09-04T15:30,2026-09-04,Fri,15:30,50,50,0,50,386.2,0.1,16,0
2026-09-04T16:00,2026-09-04,Fri,16:00,52,52,0,50,381.7,1.3,15,0
2026-09-04T16:30,2026-09-04,Fri,16:30,55,55,0,55,332.0,0.3,15,0
2026-09-04T17:00,2026-09-04,Fri,17:00,36,36,0,36,302.3,0.0,14,0
2026-09-04T17:30,2026-09-04,Fri,17:30,46,46,0,44,402.9,2.2,13,0
2026-09-04T18:00,2026-09-04,Fri,18:00,41,39,2,35,359.6,6.2,12,0
2026-09-04T18:30,2026-09-04,Fri,18:30,50,43,7,33,440.9,12.0,11,0
2026-09-04T19:00,2026-09-04,Fri,19:00,17,17,0,17,337.5,0.0,10,0
2026-09-04T19:30,2026-09-04,Fri,19:30,16,16,0,15,471.7,1.6,8,0
2026-09-05T08:00,2026-09-05,Sat,08:00,34,32,2,27,323.3,9.7,8,0
2026-09-05T08:30,2026-09-05,Sat,08:30,26,26,0,26,396.6,0.0,11,0
2026-09-05T09:00,2026-09-05,Sat,09:00,65,58,7,45,352.1,19.0,14,0
2026-09-05T09:30,2026-09-05,Sat,09:30,86,78,8,59,385.3,15.2,17,0
2026-09-05T10:00,2026-09-05,Sat,10:00,68,62,6,52,388.1,12.8,17,0
2026-09-05T10:30,2026-09-05,Sat,10:30,67,66,1,63,358.4,2.2,16,0
2026-09-05T11:00,2026-09-05,Sat,11:00,53,51,2,46,359.8,4.7,14,0
2026-09-05T11:30,2026-09-05,Sat,11:30,41,39,2,37,317.1,4.0,13,0
2026-09-05T12:00,2026-09-05,Sat,12:00,49,49,0,47,397.5,1.8,15,0
2026-09-05T12:30,2026-09-05,Sat,12:30,48,48,0,48,350.9,0.0,16,0
2026-09-05T13:00,2026-09-05,Sat,13:00,63,60,3,59,388.2,0.9,16,0
2026-09-05T13:30,2026-09-05,Sat,13:30,48,42,6,30,392.8,17.0,14,0
2026-09-05T14:00,2026-09-05,Sat,14:00,34,34,0,34,371.0,0.0,13,0
2026-09-05T14:30,2026-09-05,Sat,14:30,54,51,3,47,367.7,2.7,13,0
2026-09-05T15:00,2026-09-05,Sat,15:00,37,37,0,37,376.2,0.0,12,0
2026-09-05T15:30,2026-09-05,Sat,15:30,41,40,1,40,392.8,0.0,12,0
2026-09-05T16:00,2026-09-05,Sat,16:00,36,35,1,33,431.9,2.9,12,0
2026-09-05T16:30,2026-09-05,Sat,16:30,32,32,0,32,330.5,0.0,11,0
2026-09-05T17:00,2026-09-05,Sat,17:00,44,44,0,42,369.5,1.5,11,0
2026-09-05T17:30,2026-09-05,Sat,17:30,34,30,4,27,488.9,8.3,10,0
2026-09-05T18:00,2026-09-05,Sat,18:00,26,23,3,19,409.1,25.1,10,0
2026-09-05T18:30,2026-09-05,Sat,18:30,25,25,0,25,351.2,0.0,9,0
2026-09-05T19:00,2026-09-05,Sat,19:00,14,14,0,14,322.5,0.0,8,0
2026-09-05T19:30,2026-09-05,Sat,19:30,19,19,0,18,426.5,2.4,7,0
2026-09-06T08:00,2026-09-06,Sun,08:00,21,21,0,21,283.5,0.0,7,0
2026-09-06T08:30,2026-09-06,Sun,08:30,25,25,0,25,386.5,0.3,9,0
2026-09-06T09:00,2026-09-06,Sun,09:00,37,37,0,37,349.8,0.0,12,0
2026-09-06T09:30,2026-09-06,Sun,09:30,51,51,0,51,390.3,0.0,14,0
2026-09-06T10:00,2026-09-06,Sun,10:00,39,37,2,35,358.7,1.5,14,0
2026-09-06T10:30,2026-09-06,Sun,10:30,41,40,1,39,349.6,1.2,13,0
2026-09-06T11:00,2026-09-06,Sun,11:00,39,36,3,31,386.7,8.3,11,0
2026-09-06T11:30,2026-09-06,Sun,11:30,41,40,1,40,360.3,0.0,11,0
2026-09-06T12:00,2026-09-06,Sun,12:00,39,39,0,34,379.2,4.4,12,0
2026-09-06T12:30,2026-09-06,Sun,12:30,31,31,0,31,355.5,0.5,13,0
2026-09-06T13:00,2026-09-06,Sun,13:00,40,38,2,36,345.4,2.4,13,0
2026-09-06T13:30,2026-09-06,Sun,13:30,49,43,6,33,382.2,16.2,12,0
2026-09-06T14:00,2026-09-06,Sun,14:00,33,33,0,33,363.5,0.0,11,0
2026-09-06T14:30,2026-09-06,Sun,14:30,40,40,0,37,402.4,5.5,11,0
2026-09-06T15:00,2026-09-06,Sun,15:00,40,39,1,29,375.4,13.8,10,0
2026-09-06T15:30,2026-09-06,Sun,15:30,26,26,0,26,393.5,0.0,10,0
2026-09-06T16:00,2026-09-06,Sun,16:00,38,37,1,29,434.3,12.2,10,0
2026-09-06T16:30,2026-09-06,Sun,16:30,30,29,1,27,386.0,3.6,9,0
2026-09-06T17:00,2026-09-06,Sun,17:00,21,21,0,21,364.0,0.0,9,0
2026-09-06T17:30,2026-09-06,Sun,17:30,27,27,0,27,365.5,0.9,9,0
2026-09-06T18:00,2026-09-06,Sun,18:00,27,27,0,25,342.1,2.6,8,0
2026-09-06T18:30,2026-09-06,Sun,18:30,27,24,3,21,351.8,8.6,7,0
2026-09-06T19:00,2026-09-06,Sun,19:00,20,20,0,20,301.3,0.0,7,0
2026-09-06T19:30,2026-09-06,Sun,19:30,17,17,0,15,314.3,12.0,6,0
2026-09-07T08:00,2026-09-07,Mon,08:00,52,48,4,44,439.0,8.9,13,0
2026-09-07T08:30,2026-09-07,Mon,08:30,75,71,4,57,377.6,7.4,17,0
2026-09-07T09:00,2026-09-07,Mon,09:00,105,104,1,99,389.0,2.4,24,0
2026-09-07T09:30,2026-09-07,Mon,09:30,109,106,3,100,403.8,4.0,28,0
2026-09-07T10:00,2026-09-07,Mon,10:00,122,117,5,106,392.9,3.8,29,0
2026-09-07T10:30,2026-09-07,Mon,10:30,109,105,4,90,386.9,7.4,27,0
2026-09-07T11:00,2026-09-07,Mon,11:00,74,74,0,74,384.0,0.0,23,0
2026-09-07T11:30,2026-09-07,Mon,11:30,82,81,1,72,439.1,4.2,22,0
2026-09-07T12:00,2026-09-07,Mon,12:00,103,102,1,100,369.9,1.4,25,0
2026-09-07T12:30,2026-09-07,Mon,12:30,91,91,0,91,376.6,0.0,27,0
2026-09-07T13:00,2026-09-07,Mon,13:00,100,100,0,100,362.5,0.1,26,0
2026-09-07T13:30,2026-09-07,Mon,13:30,89,89,0,88,377.4,1.1,24,0
2026-09-07T14:00,2026-09-07,Mon,14:00,74,71,3,71,374.6,0.6,22,0
2026-09-07T14:30,2026-09-07,Mon,14:30,72,72,0,71,357.4,0.8,21,0
2026-09-07T15:00,2026-09-07,Mon,15:00,73,73,0,73,367.4,0.0,20,0
2026-09-07T15:30,2026-09-07,Mon,15:30,72,72,0,70,350.6,0.9,20,0
2026-09-07T16:00,2026-09-07,Mon,16:00,83,78,5,64,416.1,8.6,19,0
2026-09-07T16:30,2026-09-07,Mon,16:30,77,69,8,51,386.8,16.7,18,0
2026-09-07T17:00,2026-09-07,Mon,17:00,62,62,0,56,360.9,5.5,17,0
2026-09-07T17:30,2026-09-07,Mon,17:30,62,58,4,46,358.4,15.6,16,0
2026-09-07T18:00,2026-09-07,Mon,18:00,49,46,3,43,433.7,3.1,16,0
2026-09-07T18:30,2026-09-07,Mon,18:30,52,49,3,46,368.5,3.3,14,0
2026-09-07T19:00,2026-09-07,Mon,19:00,44,42,2,41,409.9,0.6,12,0
2026-09-07T19:30,2026-09-07,Mon,19:30,23,23,0,23,365.3,0.0,10,0
2026-09-08T08:00,2026-09-08,Tue,08:00,40,40,0,38,348.6,2.3,11,1
2026-09-08T08:30,2026-09-08,Tue,08:30,59,59,0,58,366.5,0.4,16,1
2026-09-08T09:00,2026-09-08,Tue,09:00,82,82,0,82,375.2,0.3,21,1
2026-09-08T09:30,2026-09-08,Tue,09:30,104,101,3,95,353.9,3.2,25,1
2026-09-08T10:00,2026-09-08,Tue,10:00,89,85,4,75,394.6,5.3,25,1
2026-09-08T10:30,2026-09-08,Tue,10:30,361,109,252,3,399.9,81.7,24,1
2026-09-08T11:00,2026-09-08,Tue,11:00,239,91,148,11,412.5,71.3,20,1
2026-09-08T11:30,2026-09-08,Tue,11:30,199,87,112,9,387.1,59.4,20,1
2026-09-08T12:00,2026-09-08,Tue,12:00,198,101,97,12,407.3,52.8,22,1
2026-09-08T12:30,2026-09-08,Tue,12:30,214,113,101,25,375.2,46.5,24,1
2026-09-08T13:00,2026-09-08,Tue,13:00,161,102,59,32,388.7,33.1,23,1
2026-09-08T13:30,2026-09-08,Tue,13:30,126,104,22,70,352.4,15.9,21,1
2026-09-08T14:00,2026-09-08,Tue,14:00,108,94,14,71,336.2,12.1,20,1
2026-09-08T14:30,2026-09-08,Tue,14:30,102,88,14,67,368.6,12.2,19,1
2026-09-08T15:00,2026-09-08,Tue,15:00,92,73,19,40,407.1,29.0,18,1
2026-09-08T15:30,2026-09-08,Tue,15:30,83,79,4,62,377.3,11.5,18,1
2026-09-08T16:00,2026-09-08,Tue,16:00,60,54,6,44,441.7,17.2,17,1
2026-09-08T16:30,2026-09-08,Tue,16:30,65,64,1,57,326.2,6.4,16,1
2026-09-08T17:00,2026-09-08,Tue,17:00,51,51,0,51,380.1,0.3,16,1
2026-09-08T17:30,2026-09-08,Tue,17:30,58,51,7,40,511.4,12.5,15,1
2026-09-08T18:00,2026-09-08,Tue,18:00,46,41,5,35,367.2,10.8,14,1
2026-09-08T18:30,2026-09-08,Tue,18:30,49,42,7,25,462.7,25.9,12,1
2026-09-08T19:00,2026-09-08,Tue,19:00,48,37,11,27,365.3,27.1,11,1
2026-09-08T19:30,2026-09-08,Tue,19:30,37,34,3,30,351.5,4.6,9,1
2026-09-09T08:00,2026-09-09,Wed,08:00,42,38,4,33,408.8,11.4,11,0
2026-09-09T08:30,2026-09-09,Wed,08:30,39,39,0,39,393.2,0.0,14,0
2026-09-09T09:00,2026-09-09,Wed,09:00,73,72,1,72,346.2,0.7,20,0
2026-09-09T09:30,2026-09-09,Wed,09:30,87,86,1,84,406.8,0.8,23,0
2026-09-09T10:00,2026-09-09,Wed,10:00,98,91,7,83,384.7,5.7,23,0
2026-09-09T10:30,2026-09-09,Wed,10:30,91,89,2,71,421.3,12.3,22,0
2026-09-09T11:00,2026-09-09,Wed,11:00,79,75,4,63,370.4,7.9,19,0
2026-09-09T11:30,2026-09-09,Wed,11:30,58,55,3,50,428.6,3.7,18,0
2026-09-09T12:00,2026-09-09,Wed,12:00,90,79,11,68,372.7,9.4,20,0
2026-09-09T12:30,2026-09-09,Wed,12:30,77,77,0,75,350.3,1.0,22,0
2026-09-09T13:00,2026-09-09,Wed,13:00,80,77,3,75,400.9,1.5,21,0
2026-09-09T13:30,2026-09-09,Wed,13:30,73,70,3,62,376.9,7.1,20,0
2026-09-09T14:00,2026-09-09,Wed,14:00,70,69,1,68,378.3,1.0,18,0
2026-09-09T14:30,2026-09-09,Wed,14:30,62,60,2,55,363.7,4.9,17,0
2026-09-09T15:00,2026-09-09,Wed,15:00,73,69,4,54,395.7,11.6,17,0
2026-09-09T15:30,2026-09-09,Wed,15:30,49,49,0,49,301.2,0.7,17,0
2026-09-09T16:00,2026-09-09,Wed,16:00,52,51,1,49,383.8,2.3,16,0
2026-09-09T16:30,2026-09-09,Wed,16:30,45,45,0,45,393.2,0.0,15,0
2026-09-09T17:00,2026-09-09,Wed,17:00,51,48,3,40,375.8,8.1,14,0
2026-09-09T17:30,2026-09-09,Wed,17:30,49,48,1,48,317.8,0.0,14,0
2026-09-09T18:00,2026-09-09,Wed,18:00,50,49,1,48,374.1,0.9,13,0
2026-09-09T18:30,2026-09-09,Wed,18:30,29,29,0,28,457.5,1.2,11,0
2026-09-09T19:00,2026-09-09,Wed,19:00,35,35,0,31,350.4,4.4,10,0
2026-09-09T19:30,2026-09-09,Wed,19:30,22,22,0,21,317.7,1.2,9,0
2026-09-10T08:00,2026-09-10,Thu,08:00,35,35,0,35,330.7,0.0,11,0
2026-09-10T08:30,2026-09-10,Thu,08:30,55,53,2,51,379.3,1.7,14,0
2026-09-10T09:00,2026-09-10,Thu,09:00,57,57,0,57,381.4,0.0,20,0
2026-09-10T09:30,2026-09-10,Thu,09:30,81,81,0,81,339.5,0.2,23,0
2026-09-10T10:00,2026-09-10,Thu,10:00,78,75,3,69,423.4,3.1,23,0
2026-09-10T10:30,2026-09-10,Thu,10:30,89,84,5,62,390.6,18.1,22,0
2026-09-10T11:00,2026-09-10,Thu,11:00,62,57,5,50,374.6,7.7,19,0
2026-09-10T11:30,2026-09-10,Thu,11:30,73,70,3,68,406.8,1.4,18,0
2026-09-10T12:00,2026-09-10,Thu,12:00,92,86,6,69,374.8,7.7,20,0
2026-09-10T12:30,2026-09-10,Thu,12:30,92,92,0,92,359.2,0.4,22,0
2026-09-10T13:00,2026-09-10,Thu,13:00,78,77,1,76,363.7,0.4,21,0
2026-09-10T13:30,2026-09-10,Thu,13:30,105,94,11,68,363.1,16.2,20,0
2026-09-10T14:00,2026-09-10,Thu,14:00,82,76,6,57,331.8,15.0,18,0
2026-09-10T14:30,2026-09-10,Thu,14:30,65,64,1,62,401.6,1.6,17,0
2026-09-10T15:00,2026-09-10,Thu,15:00,57,57,0,57,417.6,0.0,17,0
2026-09-10T15:30,2026-09-10,Thu,15:30,47,47,0,47,347.7,0.0,17,0
2026-09-10T16:00,2026-09-10,Thu,16:00,43,43,0,43,436.8,0.0,16,0
2026-09-10T16:30,2026-09-10,Thu,16:30,62,61,1,50,366.9,8.4,15,0
2026-09-10T17:00,2026-09-10,Thu,17:00,55,53,2,52,371.3,2.0,14,0
2026-09-10T17:30,2026-09-10,Thu,17:30,44,43,1,41,355.0,2.1,14,0
2026-09-10T18:00,2026-09-10,Thu,18:00,50,47,3,43,403.9,3.0,13,0
2026-09-10T18:30,2026-09-10,Thu,18:30,36,35,1,31,376.6,3.4,11,0
2026-09-10T19:00,2026-09-10,Thu,19:00,24,24,0,24,353.4,0.0,10,0
2026-09-10T19:30,2026-09-10,Thu,19:30,38,36,2,35,367.3,1.2,9,0
2026-09-11T08:00,2026-09-11,Fri,08:00,33,33,0,26,437.5,26.4,10,0
2026-09-11T08:30,2026-09-11,Fri,08:30,44,43,1,41,349.7,2.3,14,0
2026-09-11T09:00,2026-09-11,Fri,09:00,61,61,0,61,381.8,0.0,19,0
2026-09-11T09:30,2026-09-11,Fri,09:30,86,86,0,78,367.8,4.4,22,0
2026-09-11T10:00,2026-09-11,Fri,10:00,70,70,0,70,390.6,0.1,22,0
2026-09-11T10:30,2026-09-11,Fri,10:30,79,79,0,73,381.0,3.5,21,0
2026-09-11T11:00,2026-09-11,Fri,11:00,64,64,0,64,394.6,0.0,18,0
2026-09-11T11:30,2026-09-11,Fri,11:30,72,68,4,57,379.5,9.4,17,0
2026-09-11T12:00,2026-09-11,Fri,12:00,77,75,2,67,379.0,5.8,19,0
2026-09-11T12:30,2026-09-11,Fri,12:30,71,71,0,71,332.4,0.3,21,0
2026-09-11T13:00,2026-09-11,Fri,13:00,76,76,0,74,339.4,1.0,20,0
2026-09-11T13:30,2026-09-11,Fri,13:30,72,72,0,72,340.4,0.2,19,0
2026-09-11T14:00,2026-09-11,Fri,14:00,66,65,1,59,375.9,3.6,17,0
2026-09-11T14:30,2026-09-11,Fri,14:30,59,59,0,57,348.3,1.2,17,0
2026-09-11T15:00,2026-09-11,Fri,15:00,47,47,0,47,407.6,0.0,16,0
2026-09-11T15:30,2026-09-11,Fri,15:30,55,54,1,52,375.7,3.0,16,0
2026-09-11T16:00,2026-09-11,Fri,16:00,52,52,0,52,423.0,0.0,15,0
2026-09-11T16:30,2026-09-11,Fri,16:30,49,49,0,46,315.0,1.7,15,0
2026-09-11T17:00,2026-09-11,Fri,17:00,41,41,0,41,340.0,0.0,14,0
2026-09-11T17:30,2026-09-11,Fri,17:30,47,46,1,46,367.2,0.1,13,0
2026-09-11T18:00,2026-09-11,Fri,18:00,34,34,0,34,354.3,0.0,12,0
2026-09-11T18:30,2026-09-11,Fri,18:30,35,35,0,34,347.7,1.0,11,0
2026-09-11T19:00,2026-09-11,Fri,19:00,23,23,0,23,348.9,0.0,10,0
2026-09-11T19:30,2026-09-11,Fri,19:30,27,26,1,25,461.1,1.9,8,0
2026-09-12T08:00,2026-09-12,Sat,08:00,26,26,0,26,354.7,0.0,8,0
2026-09-12T08:30,2026-09-12,Sat,08:30,36,36,0,36,379.0,0.0,11,0
2026-09-12T09:00,2026-09-12,Sat,09:00,57,56,1,53,362.3,3.5,14,0
2026-09-12T09:30,2026-09-12,Sat,09:30,59,58,1,57,397.5,1.5,17,0
2026-09-12T10:00,2026-09-12,Sat,10:00,63,60,3,49,372.1,7.7,17,0
2026-09-12T10:30,2026-09-12,Sat,10:30,48,48,0,39,435.8,7.0,16,0
2026-09-12T11:00,2026-09-12,Sat,11:00,47,47,0,47,349.1,0.0,14,0
2026-09-12T11:30,2026-09-12,Sat,11:30,42,42,0,38,367.0,5.4,13,0
2026-09-12T12:00,2026-09-12,Sat,12:00,52,48,4,43,354.2,9.9,15,0
2026-09-12T12:30,2026-09-12,Sat,12:30,61,61,0,57,391.7,4.2,16,0
2026-09-12T13:00,2026-09-12,Sat,13:00,53,53,0,53,401.5,0.0,16,0
2026-09-12T13:30,2026-09-12,Sat,13:30,50,46,4,34,387.8,17.3,14,0
2026-09-12T14:00,2026-09-12,Sat,14:00,53,52,1,48,372.3,4.7,13,0
2026-09-12T14:30,2026-09-12,Sat,14:30,62,55,7,43,426.6,13.1,13,0
2026-09-12T15:00,2026-09-12,Sat,15:00,39,35,4,29,383.4,15.6,12,0
2026-09-12T15:30,2026-09-12,Sat,15:30,34,34,0,34,351.2,0.0,12,0
2026-09-12T16:00,2026-09-12,Sat,16:00,43,43,0,43,346.9,0.0,12,0
2026-09-12T16:30,2026-09-12,Sat,16:30,38,32,6,28,341.8,6.9,11,0
2026-09-12T17:00,2026-09-12,Sat,17:00,35,35,0,35,330.4,0.0,11,0
2026-09-12T17:30,2026-09-12,Sat,17:30,32,31,1,31,349.9,0.0,10,0
2026-09-12T18:00,2026-09-12,Sat,18:00,26,26,0,25,390.3,1.8,10,0
2026-09-12T18:30,2026-09-12,Sat,18:30,28,25,3,23,364.2,4.3,9,0
2026-09-12T19:00,2026-09-12,Sat,19:00,27,22,5,17,477.7,16.7,8,0
2026-09-12T19:30,2026-09-12,Sat,19:30,25,22,3,18,429.0,5.0,7,0
2026-09-13T08:00,2026-09-13,Sun,08:00,27,21,6,17,410.2,15.5,7,0
2026-09-13T08:30,2026-09-13,Sun,08:30,31,29,2,24,403.3,9.2,9,0
2026-09-13T09:00,2026-09-13,Sun,09:00,46,46,0,46,356.0,0.0,12,0
2026-09-13T09:30,2026-09-13,Sun,09:30,47,47,0,44,390.8,2.1,14,0
2026-09-13T10:00,2026-09-13,Sun,10:00,52,51,1,43,433.2,9.9,14,0
2026-09-13T10:30,2026-09-13,Sun,10:30,56,53,3,46,328.0,5.5,13,0
2026-09-13T11:00,2026-09-13,Sun,11:00,30,30,0,30,389.6,0.0,11,0
2026-09-13T11:30,2026-09-13,Sun,11:30,39,39,0,36,409.7,3.1,11,0
2026-09-13T12:00,2026-09-13,Sun,12:00,42,41,1,35,391.7,6.3,12,0
2026-09-13T12:30,2026-09-13,Sun,12:30,44,44,0,44,340.6,0.1,13,0
2026-09-13T13:00,2026-09-13,Sun,13:00,45,44,1,44,379.4,0.3,13,0
2026-09-13T13:30,2026-09-13,Sun,13:30,45,44,1,31,416.5,15.1,12,0
2026-09-13T14:00,2026-09-13,Sun,14:00,33,33,0,28,513.2,6.0,11,0
2026-09-13T14:30,2026-09-13,Sun,14:30,35,34,1,31,388.6,5.5,11,0
2026-09-13T15:00,2026-09-13,Sun,15:00,46,40,6,33,369.2,11.4,10,0
2026-09-13T15:30,2026-09-13,Sun,15:30,29,28,1,26,402.3,6.2,10,0
2026-09-13T16:00,2026-09-13,Sun,16:00,34,30,4,26,457.9,17.0,10,0
2026-09-13T16:30,2026-09-13,Sun,16:30,26,26,0,26,311.8,0.0,9,0
2026-09-13T17:00,2026-09-13,Sun,17:00,28,26,2,25,416.6,5.5,9,0
2026-09-13T17:30,2026-09-13,Sun,17:30,16,16,0,16,320.7,0.0,9,0
2026-09-13T18:00,2026-09-13,Sun,18:00,26,26,0,26,334.4,0.0,8,0
2026-09-13T18:30,2026-09-13,Sun,18:30,19,19,0,19,478.4,0.0,7,0
2026-09-13T19:00,2026-09-13,Sun,19:00,15,15,0,15,300.4,0.0,7,0
2026-09-13T19:30,2026-09-13,Sun,19:30,15,15,0,15,413.2,0.0,6,0
