time,item,units,stockout,stock,price,promo,price_effect
2023-01-02,PAD-TOY-P,5,0,21,89.0,0.0,1.0
2023-01-02,PAD-TOY-V,15,0,39,62.0,0.0,1.0
2023-01-02,PAD-FOR-P,9,0,14,89.0,0.0,1.0
2023-01-02,PAD-FOR-V,7,0,28,62.0,0.0,1.0
2023-01-02,BAT-TOY-P,1,0,14,199.0,0.0,1.0
2023-01-02,BAT-TOY-V,1,0,24,139.0,0.0,1.0
2023-01-02,BAT-FOR-P,3,0,12,199.0,0.0,1.0
2023-01-02,BAT-FOR-V,4,0,21,139.0,0.0,1.0
2023-01-02,WIP-TOY-P,14,0,23,23.2,0.2,0.8
2023-01-02,WIP-TOY-V,10,0,39,14.4,0.2,0.8
2023-01-02,WIP-FOR-P,7,0,17,23.2,0.2,0.8
2023-01-02,WIP-FOR-V,9,0,30,14.4,0.2,0.8
2023-01-09,PAD-TOY-P,4,0,16,91.3,0.0,1.025843
2023-01-09,PAD-TOY-V,15,0,24,63.6,0.0,1.025806
2023-01-09,PAD-FOR-P,5,0,25,91.3,0.0,1.025843
2023-01-09,PAD-FOR-V,15,0,21,63.6,0.0,1.025806
2023-01-09,BAT-TOY-P,5,0,13,194.65,0.0,0.978141
2023-01-09,BAT-TOY-V,4,0,23,135.96,0.0,0.978129
2023-01-09,BAT-FOR-P,5,0,9,194.65,0.0,0.978141
2023-01-09,BAT-FOR-V,3,0,17,135.96,0.0,0.978129
2023-01-09,WIP-TOY-P,9,0,41,30.3,0.0,1.044828
2023-01-09,WIP-TOY-V,8,0,29,18.8,0.0,1.044444
2023-01-09,WIP-FOR-P,2,0,10,30.3,0.0,1.044828
2023-01-09,WIP-FOR-V,11,0,21,18.8,0.0,1.044444
2023-01-16,PAD-TOY-P,6,0,12,74.04,0.2,0.83191
2023-01-16,PAD-TOY-V,26,0,41,51.58,0.2,0.831935
2023-01-16,PAD-FOR-P,2,0,20,74.04,0.2,0.83191
2023-01-16,PAD-FOR-V,4,0,32,51.58,0.2,0.831935
2023-01-16,BAT-TOY-P,8,0,8,198.77,0.0,0.998844
2023-01-16,BAT-TOY-V,9,0,19,138.84,0.0,0.998849
2023-01-16,BAT-FOR-P,4,0,4,198.77,0.0,0.998844
2023-01-16,BAT-FOR-V,6,0,14,138.84,0.0,0.998849
2023-01-16,WIP-TOY-P,2,0,32,31.01,0.0,1.06931
2023-01-16,WIP-TOY-V,4,0,21,19.25,0.0,1.069444
2023-01-16,WIP-FOR-P,6,0,8,31.01,0.0,1.06931
2023-01-16,WIP-FOR-V,4,0,30,19.25,0.0,1.069444
2023-01-23,PAD-TOY-P,2,0,14,93.29,0.0,1.048202
2023-01-23,PAD-TOY-V,13,0,51,64.99,0.0,1.048226
2023-01-23,PAD-FOR-P,4,0,18,93.29,0.0,1.048202
2023-01-23,PAD-FOR-V,8,0,28,64.99,0.0,1.048226
2023-01-23,BAT-TOY-P,0,1,0,193.9,0.0,0.974372
2023-01-23,BAT-TOY-V,7,0,10,135.44,0.0,0.974388
2023-01-23,BAT-FOR-P,1,0,12,193.9,0.0,0.974372
2023-01-23,BAT-FOR-V,1,0,18,135.44,0.0,0.974388
2023-01-23,WIP-TOY-P,6,0,30,30.29,0.0,1.044483
2023-01-23,WIP-TOY-V,9,0,17,18.8,0.0,1.044444
2023-01-23,WIP-FOR-P,6,0,14,30.29,0.0,1.044483
2023-01-23,WIP-FOR-V,5,0,26,18.8,0.0,1.044444
2023-01-30,PAD-TOY-P,7,0,12,95.66,0.0,1.074831
2023-01-30,PAD-TOY-V,7,0,38,66.64,0.0,1.074839
2023-01-30,PAD-FOR-P,1,0,14,95.66,0.0,1.074831
2023-01-30,PAD-FOR-V,8,0,20,66.64,0.0,1.074839
2023-01-30,BAT-TOY-P,5,1,5,153.59,0.2,0.771809
2023-01-30,BAT-TOY-V,1,0,12,107.28,0.2,0.771799
2023-01-30,BAT-FOR-P,1,0,11,153.59,0.2,0.771809
2023-01-30,BAT-FOR-V,3,0,17,107.28,0.2,0.771799
2023-01-30,WIP-TOY-P,4,0,24,28.97,0.0,0.998966
2023-01-30,WIP-TOY-V,12,0,24,17.98,0.0,0.998889
2023-01-30,WIP-FOR-P,1,0,8,28.97,0.0,0.998966
2023-01-30,WIP-FOR-V,2,0,21,17.98,0.0,0.998889
2023-02-06,PAD-TOY-P,5,0,15,91.41,0.0,1.027079
2023-02-06,PAD-TOY-V,6,0,31,63.68,0.0,1.027097
2023-02-06,PAD-FOR-P,3,0,13,91.41,0.0,1.027079
2023-02-06,PAD-FOR-V,9,0,12,63.68,0.0,1.027097
2023-02-06,BAT-TOY-P,4,0,14,186.24,0.0,0.935879
2023-02-06,BAT-TOY-V,7,0,20,130.09,0.0,0.935899
2023-02-06,BAT-FOR-P,3,0,10,186.24,0.0,0.935879
2023-02-06,BAT-FOR-V,3,0,14,130.09,0.0,0.935899
2023-02-06,WIP-TOY-P,2,0,20,28.1,0.0,0.968966
2023-02-06,WIP-TOY-V,12,1,12,17.44,0.0,0.968889
2023-02-06,WIP-FOR-P,4,0,7,28.1,0.0,0.968966
2023-02-06,WIP-FOR-V,1,0,19,17.44,0.0,0.968889
2023-02-13,PAD-TOY-P,10,0,10,90.37,0.0,1.015393
2023-02-13,PAD-TOY-V,5,0,25,62.95,0.0,1.015323
2023-02-13,PAD-FOR-P,1,0,10,90.37,0.0,1.015393
2023-02-13,PAD-FOR-V,3,0,25,62.95,0.0,1.015323
2023-02-13,BAT-TOY-P,3,0,10,187.61,0.0,0.942764
2023-02-13,BAT-TOY-V,6,0,13,131.04,0.0,0.942734
2023-02-13,BAT-FOR-P,3,0,7,187.61,0.0,0.942764
2023-02-13,BAT-FOR-V,3,0,11,131.04,0.0,0.942734
2023-02-13,WIP-TOY-P,2,0,18,22.52,0.2,0.776552
2023-02-13,WIP-TOY-V,28,1,28,13.98,0.2,0.776667
2023-02-13,WIP-FOR-P,15,1,15,22.52,0.2,0.776552
2023-02-13,WIP-FOR-V,18,0,18,13.98,0.2,0.776667
2023-02-20,PAD-TOY-P,2,0,16,90.01,0.0,1.011348
2023-02-20,PAD-TOY-V,16,0,20,62.7,0.0,1.01129
2023-02-20,PAD-FOR-P,1,0,9,90.01,0.0,1.011348
2023-02-20,PAD-FOR-V,3,0,22,62.7,0.0,1.01129
2023-02-20,BAT-TOY-P,0,0,13,194.2,0.0,0.975879
2023-02-20,BAT-TOY-V,2,0,7,135.65,0.0,0.975899
2023-02-20,BAT-FOR-P,2,0,9,194.2,0.0,0.975879
2023-02-20,BAT-FOR-V,4,0,8,135.65,0.0,0.975899
2023-02-20,WIP-TOY-P,2,0,16,28.54,0.0,0.984138
2023-02-20,WIP-TOY-V,14,0,36,17.71,0.0,0.983889
2023-02-20,WIP-FOR-P,5,0,20,28.54,0.0,0.984138
2023-02-20,WIP-FOR-V,8,0,20,17.71,0.0,0.983889
2023-02-27,PAD-TOY-P,5,0,14,69.99,0.2,0.786404
2023-02-27,PAD-TOY-V,36,0,36,48.76,0.2,0.786452
2023-02-27,PAD-FOR-P,0,0,8,69.99,0.2,0.786404
2023-02-27,PAD-FOR-V,7,0,19,48.76,0.2,0.786452
2023-02-27,BAT-TOY-P,5,0,13,193.58,0.0,0.972764
2023-02-27,BAT-TOY-V,6,0,18,135.22,0.0,0.972806
2023-02-27,BAT-FOR-P,1,0,7,193.58,0.0,0.972764
2023-02-27,BAT-FOR-V,3,0,9,135.22,0.0,0.972806
2023-02-27,WIP-TOY-P,2,0,14,29.5,0.0,1.017241
2023-02-27,WIP-TOY-V,9,0,22,18.31,0.0,1.017222
2023-02-27,WIP-FOR-P,7,0,15,29.5,0.0,1.017241
2023-02-27,WIP-FOR-V,4,0,12,18.31,0.0,1.017222
2023-03-06,PAD-TOY-P,5,0,9,79.89,0.0,0.89764
2023-03-06,PAD-TOY-V,0,1,0,55.65,0.0,0.897581
2023-03-06,PAD-FOR-P,4,0,8,79.89,0.0,0.89764
2023-03-06,PAD-FOR-V,10,0,12,55.65,0.0,0.897581
2023-03-06,BAT-TOY-P,2,0,8,200.97,0.0,1.009899
2023-03-06,BAT-TOY-V,0,0,12,140.38,0.0,1.009928
2023-03-06,BAT-FOR-P,3,0,11,200.97,0.0,1.009899
2023-03-06,BAT-FOR-V,5,0,12,140.38,0.0,1.009928
2023-03-06,WIP-TOY-P,4,0,12,29.19,0.0,1.006552
2023-03-06,WIP-TOY-V,5,0,33,18.12,0.0,1.006667
2023-03-06,WIP-FOR-P,8,0,8,29.19,0.0,1.006552
2023-03-06,WIP-FOR-V,1,0,20,18.12,0.0,1.006667
2023-03-13,PAD-TOY-P,10,0,16,81.08,0.0,0.911011
2023-03-13,PAD-TOY-V,18,0,44,56.48,0.0,0.910968
2023-03-13,PAD-FOR-P,4,0,4,81.08,0.0,0.911011
2023-03-13,PAD-FOR-V,11,0,18,56.48,0.0,0.910968
2023-03-13,BAT-TOY-P,6,0,13,155.63,0.2,0.78206
2023-03-13,BAT-TOY-V,7,0,21,108.7,0.2,0.782014
2023-03-13,BAT-FOR-P,5,0,8,155.63,0.2,0.78206
2023-03-13,BAT-FOR-V,8,0,15,108.7,0.2,0.782014
2023-03-13,WIP-TOY-P,7,0,8,27.71,0.0,0.955517
2023-03-13,WIP-TOY-V,19,0,28,17.2,0.0,0.955556
2023-03-13,WIP-FOR-P,0,1,0,27.71,0.0,0.955517
2023-03-13,WIP-FOR-V,11,0,19,17.2,0.0,0.955556
2023-03-20,PAD-TOY-P,4,0,16,81.29,0.0,0.913371
2023-03-20,PAD-TOY-V,11,0,26,56.63,0.0,0.913387
2023-03-20,PAD-FOR-P,2,0,8,81.29,0.0,0.913371
2023-03-20,PAD-FOR-V,7,0,21,56.63,0.0,0.913387
2023-03-20,BAT-TOY-P,1,0,7,209.8,0.0,1.054271
2023-03-20,BAT-TOY-V,8,0,14,146.54,0.0,1.054245
2023-03-20,BAT-FOR-P,0,0,3,209.8,0.0,1.054271
2023-03-20,BAT-FOR-V,1,0,15,146.54,0.0,1.054245
2023-03-20,WIP-TOY-P,6,0,13,27.48,0.0,0.947586
2023-03-20,WIP-TOY-V,3,0,41,17.06,0.0,0.947778
2023-03-20,WIP-FOR-P,12,0,20,27.48,0.0,0.947586
2023-03-20,WIP-FOR-V,15,0,20,17.06,0.0,0.947778
2023-03-27,PAD-TOY-P,4,0,12,81.09,0.0,0.911124
2023-03-27,PAD-TOY-V,4,0,35,56.49,0.0,0.911129
2023-03-27,PAD-FOR-P,1,0,6,81.09,0.0,0.911124
2023-03-27,PAD-FOR-V,13,0,14,56.49,0.0,0.911129
2023-03-27,BAT-TOY-P,0,0,12,204.03,0.0,1.025276
2023-03-27,BAT-TOY-V,8,0,19,142.52,0.0,1.025324
2023-03-27,BAT-FOR-P,3,1,3,204.03,0.0,1.025276
2023-03-27,BAT-FOR-V,6,0,14,142.52,0.0,1.025324
2023-03-27,WIP-TOY-P,7,1,7,22.13,0.2,0.763103
2023-03-27,WIP-TOY-V,28,0,38,13.73,0.2,0.762778
2023-03-27,WIP-FOR-P,10,0,20,22.13,0.2,0.763103
2023-03-27,WIP-FOR-V,10,0,21,13.73,0.2,0.762778
2023-04-03,PAD-TOY-P,3,0,8,86.51,0.0,0.972022
2023-04-03,PAD-TOY-V,8,0,31,60.26,0.0,0.971935
2023-04-03,PAD-FOR-P,4,0,5,86.51,0.0,0.972022
2023-04-03,PAD-FOR-V,8,0,23,60.26,0.0,0.971935
2023-04-03,BAT-TOY-P,3,0,12,197.04,0.0,0.990151
2023-04-03,BAT-TOY-V,7,0,11,137.63,0.0,0.990144
2023-04-03,BAT-FOR-P,1,0,7,197.04,0.0,0.990151
2023-04-03,BAT-FOR-V,4,0,8,137.63,0.0,0.990144
2023-04-03,WIP-TOY-P,11,0,12,28.09,0.0,0.968621
2023-04-03,WIP-TOY-V,21,0,42,17.43,0.0,0.968333
2023-04-03,WIP-FOR-P,3,0,22,28.09,0.0,0.968621
2023-04-03,WIP-FOR-V,18,0,27,17.43,0.0,0.968333
2023-04-10,PAD-TOY-P,3,0,17,70.59,0.2,0.793146
2023-04-10,PAD-TOY-V,18,0,23,49.18,0.2,0.793226
2023-04-10,PAD-FOR-P,2,0,7,70.59,0.2,0.793146
2023-04-10,PAD-FOR-V,10,0,15,49.18,0.2,0.793226
2023-04-10,BAT-TOY-P,3,0,9,197.36,0.0,0.991759
2023-04-10,BAT-TOY-V,4,0,16,137.85,0.0,0.991727
2023-04-10,BAT-FOR-P,2,0,6,197.36,0.0,0.991759
2023-04-10,BAT-FOR-V,3,0,13,137.85,0.0,0.991727
2023-04-10,WIP-TOY-P,15,0,17,27.84,0.0,0.96
2023-04-10,WIP-TOY-V,5,0,21,17.28,0.0,0.96
2023-04-10,WIP-FOR-P,4,0,19,27.84,0.0,0.96
2023-04-10,WIP-FOR-V,7,0,29,17.28,0.0,0.96
2023-04-17,PAD-TOY-P,6,0,14,90.37,0.0,1.015393
2023-04-17,PAD-TOY-V,5,0,39,62.96,0.0,1.015484
2023-04-17,PAD-FOR-P,2,0,5,90.37,0.0,1.015393
2023-04-17,PAD-FOR-V,11,0,25,62.96,0.0,1.015484
2023-04-17,BAT-TOY-P,1,0,6,188.49,0.0,0.947186
2023-04-17,BAT-TOY-V,5,0,12,131.66,0.0,0.947194
2023-04-17,BAT-FOR-P,2,0,8,188.49,0.0,0.947186
2023-04-17,BAT-FOR-V,5,0,10,131.66,0.0,0.947194
2023-04-17,WIP-TOY-P,16,0,22,28.57,0.0,0.985172
2023-04-17,WIP-TOY-V,16,0,36,17.73,0.0,0.985
2023-04-17,WIP-FOR-P,9,0,15,28.57,0.0,0.985172
2023-04-17,WIP-FOR-V,16,0,22,17.73,0.0,0.985
2023-04-24,PAD-TOY-P,3,0,8,90.88,0.0,1.021124
2023-04-24,PAD-TOY-V,21,0,34,63.31,0.0,1.021129
2023-04-24,PAD-FOR-P,2,0,7,90.88,0.0,1.021124
2023-04-24,PAD-FOR-V,3,0,14,63.31,0.0,1.021129
2023-04-24,BAT-TOY-P,3,0,5,156.8,0.2,0.78794
2023-04-24,BAT-TOY-V,4,0,7,109.52,0.2,0.787914
2023-04-24,BAT-FOR-P,0,0,6,156.8,0.2,0.78794
2023-04-24,BAT-FOR-V,11,0,13,109.52,0.2,0.787914
2023-04-24,WIP-TOY-P,6,1,6,30.05,0.0,1.036207
2023-04-24,WIP-TOY-V,17,0,20,18.65,0.0,1.036111
2023-04-24,WIP-FOR-P,13,0,18,30.05,0.0,1.036207
2023-04-24,WIP-FOR-V,17,0,30,18.65,0.0,1.036111
2023-05-01,PAD-TOY-P,4,0,15,93.11,0.0,1.04618
2023-05-01,PAD-TOY-V,16,0,29,64.86,0.0,1.046129
2023-05-01,PAD-FOR-P,2,0,5,93.11,0.0,1.04618
2023-05-01,PAD-FOR-V,9,0,25,64.86,0.0,1.046129
2023-05-01,BAT-TOY-P,3,0,10,192.88,0.0,0.969246
2023-05-01,BAT-TOY-V,1,0,22,134.72,0.0,0.969209
2023-05-01,BAT-FOR-P,1,0,10,192.88,0.0,0.969246
2023-05-01,BAT-FOR-V,0,0,2,134.72,0.0,0.969209
2023-05-01,WIP-TOY-P,12,0,20,30.62,0.0,1.055862
2023-05-01,WIP-TOY-V,15,0,43,19.01,0.0,1.056111
2023-05-01,WIP-FOR-P,2,0,21,30.62,0.0,1.055862
2023-05-01,WIP-FOR-V,17,0,33,19.01,0.0,1.056111
2023-05-08,PAD-TOY-P,1,0,11,90.87,0.0,1.021011
2023-05-08,PAD-TOY-V,17,0,35,63.3,0.0,1.020968
2023-05-08,PAD-FOR-P,2,0,7,90.87,0.0,1.021011
2023-05-08,PAD-FOR-V,10,0,16,63.3,0.0,1.020968
2023-05-08,BAT-TOY-P,0,0,7,202.25,0.0,1.016332
2023-05-08,BAT-TOY-V,1,0,21,141.27,0.0,1.016331
2023-05-08,BAT-FOR-P,1,0,9,202.25,0.0,1.016332
2023-05-08,BAT-FOR-V,2,0,22,141.27,0.0,1.016331
2023-05-08,WIP-TOY-P,8,1,8,23.45,0.2,0.808621
2023-05-08,WIP-TOY-V,23,0,28,14.55,0.2,0.808333
2023-05-08,WIP-FOR-P,8,0,19,23.45,0.2,0.808621
2023-05-08,WIP-FOR-V,13,0,40,14.55,0.2,0.808333
2023-05-15,PAD-TOY-P,1,0,10,91.9,0.0,1.032584
2023-05-15,PAD-TOY-V,1,0,18,64.02,0.0,1.032581
2023-05-15,PAD-FOR-P,5,1,5,91.9,0.0,1.032584
2023-05-15,PAD-FOR-V,6,0,6,64.02,0.0,1.032581
2023-05-15,BAT-TOY-P,4,0,7,210.84,0.0,1.059497
2023-05-15,BAT-TOY-V,3,0,20,147.27,0.0,1.059496
2023-05-15,BAT-FOR-P,4,0,8,210.84,0.0,1.059497
2023-05-15,BAT-FOR-V,5,0,20,147.27,0.0,1.059496
2023-05-15,WIP-TOY-P,5,0,20,27.11,0.0,0.934828
2023-05-15,WIP-TOY-V,9,0,45,16.83,0.0,0.935
2023-05-15,WIP-FOR-P,3,0,11,27.11,0.0,0.934828
2023-05-15,WIP-FOR-V,11,0,27,16.83,0.0,0.935
2023-05-22,PAD-TOY-P,9,1,9,71.52,0.2,0.803596
2023-05-22,PAD-TOY-V,17,0,17,49.82,0.2,0.803548
2023-05-22,PAD-FOR-P,2,0,8,71.52,0.2,0.803596
2023-05-22,PAD-FOR-V,15,0,20,49.82,0.2,0.803548
2023-05-22,BAT-TOY-P,2,0,3,208.08,0.0,1.045628
2023-05-22,BAT-TOY-V,5,0,17,145.34,0.0,1.045612
2023-05-22,BAT-FOR-P,1,0,4,208.08,0.0,1.045628
2023-05-22,BAT-FOR-V,2,0,15,145.34,0.0,1.045612
2023-05-22,WIP-TOY-P,5,0,15,27.78,0.0,0.957931
2023-05-22,WIP-TOY-V,3,0,36,17.24,0.0,0.957778
2023-05-22,WIP-FOR-P,2,0,20,27.78,0.0,0.957931
2023-05-22,WIP-FOR-V,7,0,40,17.24,0.0,0.957778
2023-05-29,PAD-TOY-P,4,0,12,86.19,0.0,0.968427
2023-05-29,PAD-TOY-V,0,1,0,60.04,0.0,0.968387
2023-05-29,PAD-FOR-P,2,0,6,86.19,0.0,0.968427
2023-05-29,PAD-FOR-V,4,0,25,60.04,0.0,0.968387
2023-05-29,BAT-TOY-P,1,0,1,202.2,0.0,1.01608
2023-05-29,BAT-TOY-V,6,0,12,141.24,0.0,1.016115
2023-05-29,BAT-FOR-P,2,0,7,202.2,0.0,1.01608
2023-05-29,BAT-FOR-V,3,0,13,141.24,0.0,1.016115
2023-05-29,WIP-TOY-P,5,0,30,27.28,0.0,0.94069
2023-05-29,WIP-TOY-V,19,0,33,16.93,0.0,0.940556
2023-05-29,WIP-FOR-P,4,0,18,27.28,0.0,0.94069
2023-05-29,WIP-FOR-V,5,0,33,16.93,0.0,0.940556
2023-06-05,PAD-TOY-P,8,1,8,86.45,0.0,0.971348
2023-06-05,PAD-TOY-V,2,0,36,60.22,0.0,0.97129
2023-06-05,PAD-FOR-P,4,1,4,86.45,0.0,0.971348
2023-06-05,PAD-FOR-V,10,0,21,60.22,0.0,0.97129
2023-06-05,BAT-TOY-P,4,0,7,157.21,0.2,0.79
2023-06-05,BAT-TOY-V,6,1,6,109.81,0.2,0.79
2023-06-05,BAT-FOR-P,4,0,5,157.21,0.2,0.79
2023-06-05,BAT-FOR-V,5,0,10,109.81,0.2,0.79
2023-06-05,WIP-TOY-P,2,0,25,26.07,0.0,0.898966
2023-06-05,WIP-TOY-V,9,0,38,16.18,0.0,0.898889
2023-06-05,WIP-FOR-P,7,0,14,26.07,0.0,0.898966
2023-06-05,WIP-FOR-V,15,0,28,16.18,0.0,0.898889
2023-06-12,PAD-TOY-P,4,0,14,87.61,0.0,0.984382
2023-06-12,PAD-TOY-V,15,0,34,61.03,0.0,0.984355
2023-06-12,PAD-FOR-P,0,1,0,87.61,0.0,0.984382
2023-06-12,PAD-FOR-V,9,0,25,61.03,0.0,0.984355
2023-06-12,BAT-TOY-P,2,0,3,202.13,0.0,1.015729
2023-06-12,BAT-TOY-V,0,0,0,141.19,0.0,1.015755
2023-06-12,BAT-FOR-P,0,0,1,202.13,0.0,1.015729
2023-06-12,BAT-FOR-V,1,0,5,141.19,0.0,1.015755
2023-06-12,WIP-TOY-P,6,0,23,25.76,0.0,0.888276
2023-06-12,WIP-TOY-V,14,0,29,15.99,0.0,0.888333
2023-06-12,WIP-FOR-P,0,0,19,25.76,0.0,0.888276
2023-06-12,WIP-FOR-V,6,0,37,15.99,0.0,0.888333
2023-06-19,PAD-TOY-P,6,0,10,91.61,0.0,1.029326
2023-06-19,PAD-TOY-V,4,0,19,63.82,0.0,1.029355
2023-06-19,PAD-FOR-P,5,0,8,91.61,0.0,1.029326
2023-06-19,PAD-FOR-V,15,0,16,63.82,0.0,1.029355
2023-06-19,BAT-TOY-P,1,0,8,207.76,0.0,1.04402
2023-06-19,BAT-TOY-V,7,0,9,145.12,0.0,1.044029
2023-06-19,BAT-FOR-P,1,1,1,207.76,0.0,1.04402
2023-06-19,BAT-FOR-V,7,0,10,145.12,0.0,1.044029
2023-06-19,WIP-TOY-P,11,0,17,20.75,0.2,0.715517
2023-06-19,WIP-TOY-V,23,0,39,12.88,0.2,0.715556
2023-06-19,WIP-FOR-P,16,0,19,20.75,0.2,0.715517
2023-06-19,WIP-FOR-V,11,0,31,12.88,0.2,0.715556
2023-06-26,PAD-TOY-P,3,0,14,92.3,0.0,1.037079
2023-06-26,PAD-TOY-V,7,0,15,64.3,0.0,1.037097
2023-06-26,PAD-FOR-P,3,0,9,92.3,0.0,1.037079
2023-06-26,PAD-FOR-V,12,0,27,64.3,0.0,1.037097
2023-06-26,BAT-TOY-P,3,0,7,209.75,0.0,1.05402
2023-06-26,BAT-TOY-V,2,0,2,146.51,0.0,1.054029
2023-06-26,BAT-FOR-P,2,0,7,209.75,0.0,1.05402
2023-06-26,BAT-FOR-V,3,1,3,146.51,0.0,1.054029
2023-06-26,WIP-TOY-P,6,0,22,25.99,0.0,0.896207
2023-06-26,WIP-TOY-V,5,0,16,16.13,0.0,0.896111
2023-06-26,WIP-FOR-P,5,0,15,25.99,0.0,0.896207
2023-06-26,WIP-FOR-V,11,0,20,16.13,0.0,0.896111
2023-07-03,PAD-TOY-P,11,0,11,76.95,0.2,0.864607
2023-07-03,PAD-TOY-V,22,1,22,53.61,0.2,0.864677
2023-07-03,PAD-FOR-P,4,0,6,76.95,0.2,0.864607
2023-07-03,PAD-FOR-V,14,0,15,53.61,0.2,0.864677
2023-07-03,BAT-TOY-P,2,0,4,211.36,0.0,1.062111
2023-07-03,BAT-TOY-V,6,0,13,147.63,0.0,1.062086
2023-07-03,BAT-FOR-P,1,0,8,211.36,0.0,1.062111
2023-07-03,BAT-FOR-V,5,0,10,147.63,0.0,1.062086
2023-07-03,WIP-TOY-P,9,0,16,26.45,0.0,0.912069
2023-07-03,WIP-TOY-V,17,0,35,16.42,0.0,0.912222
2023-07-03,WIP-FOR-P,3,0,10,26.45,0.0,0.912069
2023-07-03,WIP-FOR-V,3,0,29,16.42,0.0,0.912222
2023-07-10,PAD-TOY-P,3,0,16,97.47,0.0,1.095169
2023-07-10,PAD-TOY-V,6,0,24,67.9,0.0,1.095161
2023-07-10,PAD-FOR-P,4,0,10,97.47,0.0,1.095169
2023-07-10,PAD-FOR-V,10,0,29,67.9,0.0,1.095161
2023-07-10,BAT-TOY-P,5,0,8,216.79,0.0,1.089397
2023-07-10,BAT-TOY-V,3,0,18,151.43,0.0,1.089424
2023-07-10,BAT-FOR-P,2,0,7,216.79,0.0,1.089397
2023-07-10,BAT-FOR-V,5,1,5,151.43,0.0,1.089424
2023-07-10,WIP-TOY-P,6,0,19,24.35,0.0,0.839655
2023-07-10,WIP-TOY-V,14,0,18,15.12,0.0,0.84
2023-07-10,WIP-FOR-P,3,0,7,24.35,0.0,0.839655
2023-07-10,WIP-FOR-V,21,0,26,15.12,0.0,0.84
2023-07-17,PAD-TOY-P,9,0,13,88.76,0.0,0.997303
2023-07-17,PAD-TOY-V,18,1,18,61.84,0.0,0.997419
2023-07-17,PAD-FOR-P,4,0,6,88.76,0.0,0.997303
2023-07-17,PAD-FOR-V,2,0,19,61.84,0.0,0.997419
2023-07-17,BAT-TOY-P,2,0,3,172.86,0.2,0.868643
2023-07-17,BAT-TOY-V,6,0,15,120.74,0.2,0.868633
2023-07-17,BAT-FOR-P,2,0,5,172.86,0.2,0.868643
2023-07-17,BAT-FOR-V,3,0,11,120.74,0.2,0.868633
2023-07-17,WIP-TOY-P,6,0,13,25.44,0.0,0.877241
2023-07-17,WIP-TOY-V,4,1,4,15.79,0.0,0.877222
2023-07-17,WIP-FOR-P,4,0,16,25.44,0.0,0.877241
2023-07-17,WIP-FOR-V,3,0,29,15.79,0.0,0.877222
2023-07-24,PAD-TOY-P,6,0,18,87.78,0.0,0.986292
2023-07-24,PAD-TOY-V,14,0,26,61.15,0.0,0.98629
2023-07-24,PAD-FOR-P,1,0,10,87.78,0.0,0.986292
2023-07-24,PAD-FOR-V,8,0,17,61.15,0.0,0.98629
2023-07-24,BAT-TOY-P,4,0,8,210.09,0.0,1.055729
2023-07-24,BAT-TOY-V,5,0,9,146.75,0.0,1.055755
2023-07-24,BAT-FOR-P,1,0,8,210.09,0.0,1.055729
2023-07-24,BAT-FOR-V,0,0,8,146.75,0.0,1.055755
2023-07-24,WIP-TOY-P,7,0,19,25.91,0.0,0.893448
2023-07-24,WIP-TOY-V,13,0,32,16.08,0.0,0.893333
2023-07-24,WIP-FOR-P,0,0,12,25.91,0.0,0.893448
2023-07-24,WIP-FOR-V,4,0,26,16.08,0.0,0.893333
2023-07-31,PAD-TOY-P,3,0,12,87.56,0.0,0.98382
2023-07-31,PAD-TOY-V,2,0,32,61.0,0.0,0.983871
2023-07-31,PAD-FOR-P,9,1,9,87.56,0.0,0.98382
2023-07-31,PAD-FOR-V,9,0,27,61.0,0.0,0.983871
2023-07-31,BAT-TOY-P,3,0,12,212.25,0.0,1.066583
2023-07-31,BAT-TOY-V,4,1,4,148.26,0.0,1.066619
2023-07-31,BAT-FOR-P,3,0,7,212.25,0.0,1.066583
2023-07-31,BAT-FOR-V,3,0,16,148.26,0.0,1.066619
2023-07-31,WIP-TOY-P,12,1,12,20.35,0.2,0.701724
2023-07-31,WIP-TOY-V,19,1,19,12.63,0.2,0.701667
2023-07-31,WIP-FOR-P,5,0,12,20.35,0.2,0.701724
2023-07-31,WIP-FOR-V,20,0,22,12.63,0.2,0.701667
2023-08-07,PAD-TOY-P,6,0,9,86.12,0.0,0.96764
2023-08-07,PAD-TOY-V,9,0,30,59.99,0.0,0.967581
2023-08-07,PAD-FOR-P,0,1,0,86.12,0.0,0.96764
2023-08-07,PAD-FOR-V,8,0,18,59.99,0.0,0.967581
2023-08-07,BAT-TOY-P,5,0,9,211.61,0.0,1.063367
2023-08-07,BAT-TOY-V,2,0,9,147.81,0.0,1.063381
2023-08-07,BAT-FOR-P,2,0,4,211.61,0.0,1.063367
2023-08-07,BAT-FOR-V,5,0,13,147.81,0.0,1.063381
2023-08-07,WIP-TOY-P,4,0,24,27.08,0.0,0.933793
2023-08-07,WIP-TOY-V,2,0,40,16.81,0.0,0.933889
2023-08-07,WIP-FOR-P,6,0,7,27.08,0.0,0.933793
2023-08-07,WIP-FOR-V,8,0,30,16.81,0.0,0.933889
2023-08-14,PAD-TOY-P,5,0,17,67.31,0.2,0.756292
2023-08-14,PAD-TOY-V,21,1,21,46.89,0.2,0.75629
2023-08-14,PAD-FOR-P,3,0,12,67.31,0.2,0.756292
2023-08-14,PAD-FOR-V,9,0,28,46.89,0.2,0.75629
2023-08-14,BAT-TOY-P,2,0,4,207.71,0.0,1.043769
2023-08-14,BAT-TOY-V,1,0,7,145.08,0.0,1.043741
2023-08-14,BAT-FOR-P,4,0,5,207.71,0.0,1.043769
2023-08-14,BAT-FOR-V,3,0,8,145.08,0.0,1.043741
2023-08-14,WIP-TOY-P,2,0,20,26.36,0.0,0.908966
2023-08-14,WIP-TOY-V,12,0,38,16.36,0.0,0.908889
2023-08-14,WIP-FOR-P,4,0,17,26.36,0.0,0.908966
2023-08-14,WIP-FOR-V,5,0,22,16.36,0.0,0.908889
2023-08-21,PAD-TOY-P,5,0,12,81.04,0.0,0.910562
2023-08-21,PAD-TOY-V,2,0,34,56.45,0.0,0.910484
2023-08-21,PAD-FOR-P,2,0,9,81.04,0.0,0.910562
2023-08-21,PAD-FOR-V,9,0,19,56.45,0.0,0.910484
2023-08-21,BAT-TOY-P,2,0,11,202.47,0.0,1.017437
2023-08-21,BAT-TOY-V,7,0,14,141.42,0.0,1.01741
2023-08-21,BAT-FOR-P,3,0,4,202.47,0.0,1.017437
2023-08-21,BAT-FOR-V,5,1,5,141.42,0.0,1.01741
2023-08-21,WIP-TOY-P,7,0,18,28.13,0.0,0.97
2023-08-21,WIP-TOY-V,4,0,26,17.46,0.0,0.97
2023-08-21,WIP-FOR-P,7,0,13,28.13,0.0,0.97
2023-08-21,WIP-FOR-V,2,0,17,17.46,0.0,0.97
2023-08-28,PAD-TOY-P,8,0,17,79.66,0.0,0.895056
2023-08-28,PAD-TOY-V,8,0,32,55.49,0.0,0.895
2023-08-28,PAD-FOR-P,2,0,7,79.66,0.0,0.895056
2023-08-28,PAD-FOR-V,7,0,24,55.49,0.0,0.895
2023-08-28,BAT-TOY-P,4,0,9,156.51,0.2,0.786482
2023-08-28,BAT-TOY-V,7,1,7,109.32,0.2,0.786475
2023-08-28,BAT-FOR-P,1,1,1,156.51,0.2,0.786482
2023-08-28,BAT-FOR-V,1,0,8,109.32,0.2,0.786475
2023-08-28,WIP-TOY-P,11,1,11,26.52,0.0,0.914483
2023-08-28,WIP-TOY-V,1,0,22,16.46,0.0,0.914444
2023-08-28,WIP-FOR-P,3,0,6,26.52,0.0,0.914483
2023-08-28,WIP-FOR-V,5,0,15,16.46,0.0,0.914444
2023-09-04,PAD-TOY-P,6,0,9,73.2,0.0,0.822472
2023-09-04,PAD-TOY-V,8,0,24,50.99,0.0,0.822419
2023-09-04,PAD-FOR-P,3,0,5,73.2,0.0,0.822472
2023-09-04,PAD-FOR-V,13,0,17,50.99,0.0,0.822419
2023-09-04,BAT-TOY-P,1,0,5,193.76,0.0,0.973668
2023-09-04,BAT-TOY-V,7,0,11,135.34,0.0,0.973669
2023-09-04,BAT-FOR-P,1,0,6,193.76,0.0,0.973668
2023-09-04,BAT-FOR-V,5,0,14,135.34,0.0,0.973669
2023-09-04,WIP-TOY-P,3,0,20,26.75,0.0,0.922414
2023-09-04,WIP-TOY-V,8,0,21,16.6,0.0,0.922222
2023-09-04,WIP-FOR-P,8,0,11,26.75,0.0,0.922414
2023-09-04,WIP-FOR-V,15,0,26,16.6,0.0,0.922222
2023-09-11,PAD-TOY-P,9,0,17,77.22,0.0,0.86764
2023-09-11,PAD-TOY-V,15,0,16,53.79,0.0,0.867581
2023-09-11,PAD-FOR-P,3,0,10,77.22,0.0,0.86764
2023-09-11,PAD-FOR-V,4,0,24,53.79,0.0,0.867581
2023-09-11,BAT-TOY-P,4,0,14,194.65,0.0,0.978141
2023-09-11,BAT-TOY-V,7,0,20,135.96,0.0,0.978129
2023-09-11,BAT-FOR-P,6,0,9,194.65,0.0,0.978141
2023-09-11,BAT-FOR-V,0,0,9,135.96,0.0,0.978129
2023-09-11,WIP-TOY-P,16,0,17,22.79,0.2,0.785862
2023-09-11,WIP-TOY-V,13,1,13,14.14,0.2,0.785556
2023-09-11,WIP-FOR-P,10,0,15,22.79,0.2,0.785862
2023-09-11,WIP-FOR-V,11,1,11,14.14,0.2,0.785556
2023-09-18,PAD-TOY-P,8,0,18,76.79,0.0,0.862809
2023-09-18,PAD-TOY-V,1,1,1,53.49,0.0,0.862742
2023-09-18,PAD-FOR-P,4,0,7,76.79,0.0,0.862809
2023-09-18,PAD-FOR-V,8,0,20,53.49,0.0,0.862742
2023-09-18,BAT-TOY-P,1,0,10,188.86,0.0,0.949045
2023-09-18,BAT-TOY-V,7,0,13,131.91,0.0,0.948993
2023-09-18,BAT-FOR-P,2,0,3,188.86,0.0,0.949045
2023-09-18,BAT-FOR-V,3,0,9,131.91,0.0,0.948993
2023-09-18,WIP-TOY-P,4,0,25,29.11,0.0,1.003793
2023-09-18,WIP-TOY-V,4,0,28,18.07,0.0,1.003889
2023-09-18,WIP-FOR-P,5,0,17,29.11,0.0,1.003793
2023-09-18,WIP-FOR-V,3,0,28,18.07,0.0,1.003889
2023-09-25,PAD-TOY-P,10,1,10,63.96,0.2,0.718652
2023-09-25,PAD-TOY-V,26,1,26,44.56,0.2,0.71871
2023-09-25,PAD-FOR-P,9,1,9,63.96,0.2,0.718652
2023-09-25,PAD-FOR-V,10,0,12,44.56,0.2,0.71871
2023-09-25,BAT-TOY-P,2,0,9,193.31,0.0,0.971407
2023-09-25,BAT-TOY-V,6,1,6,135.03,0.0,0.971439
2023-09-25,BAT-FOR-P,1,0,1,193.31,0.0,0.971407
2023-09-25,BAT-FOR-V,0,0,6,135.03,0.0,0.971439
2023-09-25,WIP-TOY-P,3,0,21,30.08,0.0,1.037241
2023-09-25,WIP-TOY-V,19,0,24,18.67,0.0,1.037222
2023-09-25,WIP-FOR-P,5,0,12,30.08,0.0,1.037241
2023-09-25,WIP-FOR-V,10,0,25,18.67,0.0,1.037222
2023-10-02,PAD-TOY-P,1,0,20,90.48,0.0,1.016629
2023-10-02,PAD-TOY-V,16,0,32,63.03,0.0,1.016613
2023-10-02,PAD-FOR-P,3,0,10,90.48,0.0,1.016629
2023-10-02,PAD-FOR-V,4,0,24,63.03,0.0,1.016613
2023-10-02,BAT-TOY-P,7,1,7,181.11,0.0,0.910101
2023-10-02,BAT-TOY-V,8,0,15,126.5,0.0,0.910072
2023-10-02,BAT-FOR-P,1,0,8,181.11,0.0,0.910101
2023-10-02,BAT-FOR-V,4,0,13,126.5,0.0,0.910072
2023-10-02,WIP-TOY-P,7,0,18,28.07,0.0,0.967931
2023-10-02,WIP-TOY-V,4,0,25,17.42,0.0,0.967778
2023-10-02,WIP-FOR-P,7,1,7,28.07,0.0,0.967931
2023-10-02,WIP-FOR-V,15,1,15,17.42,0.0,0.967778
2023-10-09,PAD-TOY-P,1,0,19,89.87,0.0,1.009775
2023-10-09,PAD-TOY-V,16,1,16,62.61,0.0,1.009839
2023-10-09,PAD-FOR-P,0,0,7,89.87,0.0,1.009775
2023-10-09,PAD-FOR-V,8,0,20,62.61,0.0,1.009839
2023-10-09,BAT-TOY-P,1,0,4,145.78,0.2,0.732563
2023-10-09,BAT-TOY-V,7,1,7,101.82,0.2,0.732518
2023-10-09,BAT-FOR-P,2,0,7,145.78,0.2,0.732563
2023-10-09,BAT-FOR-V,3,0,9,101.82,0.2,0.732518
2023-10-09,WIP-TOY-P,7,0,11,27.95,0.0,0.963793
2023-10-09,WIP-TOY-V,21,1,21,17.35,0.0,0.963889
2023-10-09,WIP-FOR-P,2,0,12,27.95,0.0,0.963793
2023-10-09,WIP-FOR-V,15,0,24,17.35,0.0,0.963889
2023-10-16,PAD-TOY-P,8,0,18,90.91,0.0,1.021461
2023-10-16,PAD-TOY-V,13,0,32,63.33,0.0,1.021452
2023-10-16,PAD-FOR-P,2,0,7,90.91,0.0,1.021461
2023-10-16,PAD-FOR-V,9,0,12,63.33,0.0,1.021452
2023-10-16,BAT-TOY-P,0,0,11,187.9,0.0,0.944221
2023-10-16,BAT-TOY-V,4,0,18,131.25,0.0,0.944245
2023-10-16,BAT-FOR-P,1,0,5,187.9,0.0,0.944221
2023-10-16,BAT-FOR-V,2,0,6,131.25,0.0,0.944245
2023-10-16,WIP-TOY-P,20,0,20,28.87,0.0,0.995517
2023-10-16,WIP-TOY-V,0,1,0,17.92,0.0,0.995556
2023-10-16,WIP-FOR-P,9,0,10,28.87,0.0,0.995517
2023-10-16,WIP-FOR-V,8,0,29,17.92,0.0,0.995556
2023-10-23,PAD-TOY-P,6,0,10,91.48,0.0,1.027865
2023-10-23,PAD-TOY-V,11,0,19,63.72,0.0,1.027742
2023-10-23,PAD-FOR-P,5,1,5,91.48,0.0,1.027865
2023-10-23,PAD-FOR-V,10,0,23,63.72,0.0,1.027742
2023-10-23,BAT-TOY-P,1,0,11,189.19,0.0,0.950704
2023-10-23,BAT-TOY-V,4,0,26,132.15,0.0,0.950719
2023-10-23,BAT-FOR-P,0,0,9,189.19,0.0,0.950704
2023-10-23,BAT-FOR-V,4,0,4,132.15,0.0,0.950719
2023-10-23,WIP-TOY-P,3,0,28,24.1,0.2,0.831034
2023-10-23,WIP-TOY-V,28,1,28,14.96,0.2,0.831111
2023-10-23,WIP-FOR-P,11,0,21,24.1,0.2,0.831034
2023-10-23,WIP-FOR-V,16,0,21,14.96,0.2,0.831111
2023-10-30,PAD-TOY-P,3,0,18,92.36,0.0,1.037753
2023-10-30,PAD-TOY-V,19,0,36,64.34,0.0,1.037742
2023-10-30,PAD-FOR-P,5,0,12,92.36,0.0,1.037753
2023-10-30,PAD-FOR-V,1,0,13,64.34,0.0,1.037742
2023-10-30,BAT-TOY-P,5,0,10,179.1,0.0,0.9
2023-10-30,BAT-TOY-V,4,0,22,125.1,0.0,0.9
2023-10-30,BAT-FOR-P,2,0,9,179.1,0.0,0.9
2023-10-30,BAT-FOR-V,5,0,5,125.1,0.0,0.9
2023-10-30,WIP-TOY-P,5,0,25,29.59,0.0,1.020345
2023-10-30,WIP-TOY-V,0,1,0,18.36,0.0,1.02
2023-10-30,WIP-FOR-P,7,0,10,29.59,0.0,1.020345
2023-10-30,WIP-FOR-V,4,0,33,18.36,0.0,1.02
2023-11-06,PAD-TOY-P,3,0,15,72.59,0.2,0.815618
2023-11-06,PAD-TOY-V,12,0,17,50.57,0.2,0.815645
2023-11-06,PAD-FOR-P,7,1,7,72.59,0.2,0.815618
2023-11-06,PAD-FOR-V,12,0,12,50.57,0.2,0.815645
2023-11-06,BAT-TOY-P,5,0,5,198.28,0.0,0.996382
2023-11-06,BAT-TOY-V,6,0,18,138.5,0.0,0.996403
2023-11-06,BAT-FOR-P,2,0,7,198.28,0.0,0.996382
2023-11-06,BAT-FOR-V,1,0,11,138.5,0.0,0.996403
2023-11-06,WIP-TOY-P,8,0,20,28.13,0.0,0.97
2023-11-06,WIP-TOY-V,19,0,36,17.46,0.0,0.97
2023-11-06,WIP-FOR-P,2,0,23,28.13,0.0,0.97
2023-11-06,WIP-FOR-V,8,0,29,17.46,0.0,0.97
2023-11-13,PAD-TOY-P,5,0,12,89.49,0.0,1.005506
2023-11-13,PAD-TOY-V,7,0,29,62.34,0.0,1.005484
2023-11-13,PAD-FOR-P,4,0,14,89.49,0.0,1.005506
2023-11-13,PAD-FOR-V,14,0,22,62.34,0.0,1.005484
2023-11-13,BAT-TOY-P,0,0,6,206.04,0.0,1.035377
2023-11-13,BAT-TOY-V,4,0,23,143.92,0.0,1.035396
2023-11-13,BAT-FOR-P,0,0,5,206.04,0.0,1.035377
2023-11-13,BAT-FOR-V,9,0,10,143.92,0.0,1.035396
2023-11-13,WIP-TOY-P,6,0,12,28.81,0.0,0.993448
2023-11-13,WIP-TOY-V,11,0,17,17.88,0.0,0.993333
2023-11-13,WIP-FOR-P,0,0,21,28.81,0.0,0.993448
2023-11-13,WIP-FOR-V,7,0,21,17.88,0.0,0.993333
2023-11-20,PAD-TOY-P,2,0,7,89.62,0.0,1.006966
2023-11-20,PAD-TOY-V,16,0,22,62.43,0.0,1.006935
2023-11-20,PAD-FOR-P,8,0,10,89.62,0.0,1.006966
2023-11-20,PAD-FOR-V,8,0,24,62.43,0.0,1.006935
2023-11-20,BAT-TOY-P,4,0,12,162.35,0.2,0.815829
2023-11-20,BAT-TOY-V,1,0,19,113.4,0.2,0.815827
2023-11-20,BAT-FOR-P,3,0,5,162.35,0.2,0.815829
2023-11-20,BAT-FOR-V,1,1,1,113.4,0.2,0.815827
2023-11-20,WIP-TOY-P,1,0,22,29.68,0.0,1.023448
2023-11-20,WIP-TOY-V,8,0,38,18.42,0.0,1.023333
2023-11-20,WIP-FOR-P,9,0,21,29.68,0.0,1.023448
2023-11-20,WIP-FOR-V,6,0,14,18.42,0.0,1.023333
2023-11-27,PAD-TOY-P,11,1,11,88.84,0.0,0.998202
2023-11-27,PAD-TOY-V,9,0,38,61.89,0.0,0.998226
2023-11-27,PAD-FOR-P,11,0,14,88.84,0.0,0.998202
2023-11-27,PAD-FOR-V,10,0,16,61.89,0.0,0.998226
2023-11-27,BAT-TOY-P,4,0,8,200.11,0.0,1.005578
2023-11-27,BAT-TOY-V,2,0,18,139.78,0.0,1.005612
2023-11-27,BAT-FOR-P,1,0,2,200.11,0.0,1.005578
2023-11-27,BAT-FOR-V,2,0,14,139.78,0.0,1.005612
2023-11-27,WIP-TOY-P,4,0,21,28.91,0.0,0.996897
2023-11-27,WIP-TOY-V,7,0,30,17.95,0.0,0.997222
2023-11-27,WIP-FOR-P,10,0,12,28.91,0.0,0.996897
2023-11-27,WIP-FOR-V,10,0,28,17.95,0.0,0.997222
2023-12-04,PAD-TOY-P,7,0,14,87.97,0.0,0.988427
2023-12-04,PAD-TOY-V,9,0,29,61.28,0.0,0.988387
2023-12-04,PAD-FOR-P,4,0,15,87.97,0.0,0.988427
2023-12-04,PAD-FOR-V,4,0,26,61.28,0.0,0.988387
2023-12-04,BAT-TOY-P,1,0,4,194.87,0.0,0.979246
2023-12-04,BAT-TOY-V,15,0,16,136.11,0.0,0.979209
2023-12-04,BAT-FOR-P,1,1,1,194.87,0.0,0.979246
2023-12-04,BAT-FOR-V,6,0,12,136.11,0.0,0.979209
2023-12-04,WIP-TOY-P,6,0,17,23.58,0.2,0.813103
2023-12-04,WIP-TOY-V,23,0,23,14.64,0.2,0.813333
2023-12-04,WIP-FOR-P,5,0,18,23.58,0.2,0.813103
2023-12-04,WIP-FOR-V,15,0,18,14.64,0.2,0.813333
2023-12-11,PAD-TOY-P,0,0,17,90.49,0.0,1.016742
2023-12-11,PAD-TOY-V,11,0,20,63.04,0.0,1.016774
2023-12-11,PAD-FOR-P,6,0,11,90.49,0.0,1.016742
2023-12-11,PAD-FOR-V,7,0,22,63.04,0.0,1.016774
2023-12-11,BAT-TOY-P,5,0,9,203.83,0.0,1.024271
2023-12-11,BAT-TOY-V,1,1,1,142.37,0.0,1.024245
2023-12-11,BAT-FOR-P,5,0,5,203.83,0.0,1.024271
2023-12-11,BAT-FOR-V,4,0,6,142.37,0.0,1.024245
2023-12-11,WIP-TOY-P,3,0,11,28.52,0.0,0.983448
2023-12-11,WIP-TOY-V,14,0,36,17.7,0.0,0.983333
2023-12-11,WIP-FOR-P,0,0,13,28.52,0.0,0.983448
2023-12-11,WIP-FOR-V,4,0,27,17.7,0.0,0.983333
2023-12-18,PAD-TOY-P,16,0,17,71.29,0.2,0.801011
2023-12-18,PAD-TOY-V,20,0,33,49.66,0.2,0.800968
2023-12-18,PAD-FOR-P,7,0,19,71.29,0.2,0.801011
2023-12-18,PAD-FOR-V,15,1,15,49.66,0.2,0.800968
2023-12-18,BAT-TOY-P,1,0,13,194.96,0.0,0.979698
2023-12-18,BAT-TOY-V,7,0,19,136.18,0.0,0.979712
2023-12-18,BAT-FOR-P,4,0,8,194.96,0.0,0.979698
2023-12-18,BAT-FOR-V,2,1,2,136.18,0.0,0.979712
2023-12-18,WIP-TOY-P,5,0,8,28.85,0.0,0.994828
2023-12-18,WIP-TOY-V,18,0,22,17.9,0.0,0.994444
2023-12-18,WIP-FOR-P,3,0,13,28.85,0.0,0.994828
2023-12-18,WIP-FOR-V,9,0,23,17.9,0.0,0.994444
2023-12-25,PAD-TOY-P,8,0,17,91.03,0.0,1.022809
2023-12-25,PAD-TOY-V,2,0,37,63.42,0.0,1.022903
2023-12-25,PAD-FOR-P,3,0,12,91.03,0.0,1.022809
2023-12-25,PAD-FOR-V,18,0,26,63.42,0.0,1.022903
2023-12-25,BAT-TOY-P,6,0,12,197.86,0.0,0.994271
2023-12-25,BAT-TOY-V,4,0,20,138.21,0.0,0.994317
2023-12-25,BAT-FOR-P,4,1,4,197.86,0.0,0.994271
2023-12-25,BAT-FOR-V,3,0,15,138.21,0.0,0.994317
2023-12-25,WIP-TOY-P,10,0,15,28.13,0.0,0.97
2023-12-25,WIP-TOY-V,12,0,36,17.46,0.0,0.97
2023-12-25,WIP-FOR-P,2,0,10,28.13,0.0,0.97
2023-12-25,WIP-FOR-V,5,0,14,17.46,0.0,0.97
2024-01-01,PAD-TOY-P,2,0,9,87.88,0.0,0.987416
2024-01-01,PAD-TOY-V,7,0,35,61.22,0.0,0.987419
2024-01-01,PAD-FOR-P,0,0,9,87.88,0.0,0.987416
2024-01-01,PAD-FOR-V,8,0,32,61.22,0.0,0.987419
2024-01-01,BAT-TOY-P,8,0,13,163.13,0.2,0.819749
2024-01-01,BAT-TOY-V,5,0,16,113.94,0.2,0.819712
2024-01-01,BAT-FOR-P,0,1,0,163.13,0.2,0.819749
2024-01-01,BAT-FOR-V,7,0,12,113.94,0.2,0.819712
2024-01-01,WIP-TOY-P,3,0,17,28.45,0.0,0.981034
2024-01-01,WIP-TOY-V,14,0,24,17.66,0.0,0.981111
2024-01-01,WIP-FOR-P,0,0,8,28.45,0.0,0.981034
2024-01-01,WIP-FOR-V,15,0,25,17.66,0.0,0.981111
2024-01-08,PAD-TOY-P,5,0,19,84.18,0.0,0.945843
2024-01-08,PAD-TOY-V,3,0,28,58.64,0.0,0.945806
2024-01-08,PAD-FOR-P,7,0,9,84.18,0.0,0.945843
2024-01-08,PAD-FOR-V,5,0,24,58.64,0.0,0.945806
2024-01-08,BAT-TOY-P,5,1,5,193.24,0.0,0.971055
2024-01-08,BAT-TOY-V,5,0,11,134.98,0.0,0.971079
2024-01-08,BAT-FOR-P,2,0,6,193.24,0.0,0.971055
2024-01-08,BAT-FOR-V,4,0,5,134.98,0.0,0.971079
2024-01-08,WIP-TOY-P,10,0,14,27.89,0.0,0.961724
2024-01-08,WIP-TOY-V,13,0,38,17.31,0.0,0.961667
2024-01-08,WIP-FOR-P,2,0,8,27.89,0.0,0.961724
2024-01-08,WIP-FOR-V,10,1,10,17.31,0.0,0.961667
2024-01-15,PAD-TOY-P,6,0,14,85.54,0.0,0.961124
2024-01-15,PAD-TOY-V,10,0,25,59.59,0.0,0.961129
2024-01-15,PAD-FOR-P,3,0,16,85.54,0.0,0.961124
2024-01-15,PAD-FOR-V,3,0,19,59.59,0.0,0.961129
2024-01-15,BAT-TOY-P,7,0,10,197.61,0.0,0.993015
2024-01-15,BAT-TOY-V,5,0,15,138.03,0.0,0.993022
2024-01-15,BAT-FOR-P,2,0,4,197.61,0.0,0.993015
2024-01-15,BAT-FOR-V,11,0,14,138.03,0.0,0.993022
2024-01-15,WIP-TOY-P,9,0,16,22.79,0.2,0.785862
2024-01-15,WIP-TOY-V,19,0,25,14.15,0.2,0.786111
2024-01-15,WIP-FOR-P,6,0,6,22.79,0.2,0.785862
2024-01-15,WIP-FOR-V,9,0,16,14.15,0.2,0.786111
2024-01-22,PAD-TOY-P,3,0,20,80.67,0.0,0.906404
2024-01-22,PAD-TOY-V,2,0,15,56.2,0.0,0.906452
2024-01-22,PAD-FOR-P,5,0,13,80.67,0.0,0.906404
2024-01-22,PAD-FOR-V,6,0,16,56.2,0.0,0.906452
2024-01-22,BAT-TOY-P,1,0,11,188.2,0.0,0.945729
2024-01-22,BAT-TOY-V,1,0,10,131.46,0.0,0.945755
2024-01-22,BAT-FOR-P,1,0,6,188.2,0.0,0.945729
2024-01-22,BAT-FOR-V,3,1,3,131.46,0.0,0.945755
2024-01-22,WIP-TOY-P,3,0,19,28.1,0.0,0.968966
2024-01-22,WIP-TOY-V,10,0,42,17.44,0.0,0.968889
2024-01-22,WIP-FOR-P,6,0,12,28.1,0.0,0.968966
2024-01-22,WIP-FOR-V,9,0,27,17.44,0.0,0.968889
2024-01-29,PAD-TOY-P,7,0,17,66.77,0.2,0.750225
2024-01-29,PAD-TOY-V,13,0,13,46.51,0.2,0.750161
2024-01-29,PAD-FOR-P,8,0,8,66.77,0.2,0.750225
2024-01-29,PAD-FOR-V,16,0,24,46.51,0.2,0.750161
2024-01-29,BAT-TOY-P,1,0,10,203.84,0.0,1.024322
2024-01-29,BAT-TOY-V,1,0,22,142.38,0.0,1.024317
2024-01-29,BAT-FOR-P,5,0,9,203.84,0.0,1.024322
2024-01-29,BAT-FOR-V,0,1,0,142.38,0.0,1.024317
2024-01-29,WIP-TOY-P,11,0,16,31.14,0.0,1.073793
2024-01-29,WIP-TOY-V,9,0,32,19.33,0.0,1.073889
2024-01-29,WIP-FOR-P,3,0,6,31.14,0.0,1.073793
2024-01-29,WIP-FOR-V,3,0,18,19.33,0.0,1.073889
2024-02-05,PAD-TOY-P,6,0,10,81.99,0.0,0.921236
2024-02-05,PAD-TOY-V,16,0,24,57.12,0.0,0.92129
2024-02-05,PAD-FOR-P,5,0,14,81.99,0.0,0.921236
2024-02-05,PAD-FOR-V,7,0,28,57.12,0.0,0.92129
2024-02-05,BAT-TOY-P,6,0,17,206.75,0.0,1.038945
2024-02-05,BAT-TOY-V,5,0,21,144.41,0.0,1.038921
2024-02-05,BAT-FOR-P,0,0,4,206.75,0.0,1.038945
2024-02-05,BAT-FOR-V,7,0,17,144.41,0.0,1.038921
2024-02-05,WIP-TOY-P,2,0,21,27.95,0.0,0.963793
2024-02-05,WIP-TOY-V,10,0,23,17.35,0.0,0.963889
2024-02-05,WIP-FOR-P,8,0,11,27.95,0.0,0.963793
2024-02-05,WIP-FOR-V,10,0,15,17.35,0.0,0.963889
2024-02-12,PAD-TOY-P,7,0,18,82.76,0.0,0.929888
2024-02-12,PAD-TOY-V,6,0,26,57.66,0.0,0.93
2024-02-12,PAD-FOR-P,9,0,9,82.76,0.0,0.929888
2024-02-12,PAD-FOR-V,9,0,21,57.66,0.0,0.93
2024-02-12,BAT-TOY-P,4,0,18,164.43,0.2,0.826281
2024-02-12,BAT-TOY-V,12,0,16,114.85,0.2,0.826259
2024-02-12,BAT-FOR-P,4,0,4,164.43,0.2,0.826281
2024-02-12,BAT-FOR-V,9,0,10,114.85,0.2,0.826259
2024-02-12,WIP-TOY-P,8,0,19,27.88,0.0,0.961379
2024-02-12,WIP-TOY-V,7,0,37,17.3,0.0,0.961111
2024-02-12,WIP-FOR-P,3,0,11,27.88,0.0,0.961379
2024-02-12,WIP-FOR-V,6,0,25,17.3,0.0,0.961111
2024-02-19,PAD-TOY-P,8,0,11,82.47,0.0,0.926629
2024-02-19,PAD-TOY-V,7,0,20,57.45,0.0,0.926613
2024-02-19,PAD-FOR-P,6,0,14,82.47,0.0,0.926629
2024-02-19,PAD-FOR-V,12,1,12,57.45,0.0,0.926613
2024-02-19,BAT-TOY-P,6,0,14,203.65,0.0,1.023367
2024-02-19,BAT-TOY-V,4,1,4,142.25,0.0,1.023381
2024-02-19,BAT-FOR-P,0,0,8,203.65,0.0,1.023367
2024-02-19,BAT-FOR-V,5,0,10,142.25,0.0,1.023381
2024-02-19,WIP-TOY-P,6,0,11,29.06,0.0,1.002069
2024-02-19,WIP-TOY-V,8,0,30,18.03,0.0,1.001667
2024-02-19,WIP-FOR-P,1,0,8,29.06,0.0,1.002069
2024-02-19,WIP-FOR-V,7,0,19,18.03,0.0,1.001667
2024-02-26,PAD-TOY-P,5,0,17,79.69,0.0,0.895393
2024-02-26,PAD-TOY-V,3,0,13,55.52,0.0,0.895484
2024-02-26,PAD-FOR-P,2,0,8,79.69,0.0,0.895393
2024-02-26,PAD-FOR-V,2,0,24,55.52,0.0,0.895484
2024-02-26,BAT-TOY-P,4,0,8,192.44,0.0,0.967035
2024-02-26,BAT-TOY-V,2,0,16,134.42,0.0,0.96705
2024-02-26,BAT-FOR-P,5,0,8,192.44,0.0,0.967035
2024-02-26,BAT-FOR-V,5,1,5,134.42,0.0,0.96705
2024-02-26,WIP-TOY-P,6,0,21,22.37,0.2,0.771379
2024-02-26,WIP-TOY-V,15,0,22,13.89,0.2,0.771667
2024-02-26,WIP-FOR-P,7,1,7,22.37,0.2,0.771379
2024-02-26,WIP-FOR-V,12,1,12,13.89,0.2,0.771667
2024-03-04,PAD-TOY-P,7,0,12,84.9,0.0,0.953933
2024-03-04,PAD-TOY-V,10,1,10,59.14,0.0,0.953871
2024-03-04,PAD-FOR-P,1,0,16,84.9,0.0,0.953933
2024-03-04,PAD-FOR-V,8,0,22,59.14,0.0,0.953871
2024-03-04,BAT-TOY-P,4,0,16,194.47,0.0,0.977236
2024-03-04,BAT-TOY-V,1,0,14,135.83,0.0,0.977194
2024-03-04,BAT-FOR-P,1,0,3,194.47,0.0,0.977236
2024-03-04,BAT-FOR-V,1,0,13,135.83,0.0,0.977194
2024-03-04,WIP-TOY-P,8,0,15,27.41,0.0,0.945172
2024-03-04,WIP-TOY-V,9,0,35,17.01,0.0,0.945
2024-03-04,WIP-FOR-P,1,0,16,27.41,0.0,0.945172
2024-03-04,WIP-FOR-V,14,0,24,17.01,0.0,0.945
2024-03-11,PAD-TOY-P,11,0,19,69.67,0.2,0.782809
2024-03-11,PAD-TOY-V,24,1,24,48.53,0.2,0.782742
2024-03-11,PAD-FOR-P,8,0,15,69.67,0.2,0.782809
2024-03-11,PAD-FOR-V,6,0,14,48.53,0.2,0.782742
2024-03-11,BAT-TOY-P,3,0,12,194.37,0.0,0.976734
2024-03-11,BAT-TOY-V,4,0,13,135.77,0.0,0.976763
2024-03-11,BAT-FOR-P,1,0,9,194.37,0.0,0.976734
2024-03-11,BAT-FOR-V,2,0,22,135.77,0.0,0.976763
2024-03-11,WIP-TOY-P,12,0,19,27.95,0.0,0.963793
2024-03-11,WIP-TOY-V,10,0,26,17.35,0.0,0.963889
2024-03-11,WIP-FOR-P,7,0,15,27.95,0.0,0.963793
2024-03-11,WIP-FOR-V,1,0,26,17.35,0.0,0.963889
2024-03-18,PAD-TOY-P,5,0,20,98.28,0.0,1.10427
2024-03-18,PAD-TOY-V,12,0,30,68.47,0.0,1.104355
2024-03-18,PAD-FOR-P,2,0,17,98.28,0.0,1.10427
2024-03-18,PAD-FOR-V,4,0,24,68.47,0.0,1.104355
2024-03-18,BAT-TOY-P,3,0,9,200.69,0.0,1.008492
2024-03-18,BAT-TOY-V,7,0,9,140.18,0.0,1.008489
2024-03-18,BAT-FOR-P,0,0,8,200.69,0.0,1.008492
2024-03-18,BAT-FOR-V,0,0,20,140.18,0.0,1.008489
2024-03-18,WIP-TOY-P,7,0,23,28.48,0.0,0.982069
2024-03-18,WIP-TOY-V,4,0,16,17.68,0.0,0.982222
2024-03-18,WIP-FOR-P,1,0,8,28.48,0.0,0.982069
2024-03-18,WIP-FOR-V,14,0,25,17.68,0.0,0.982222
2024-03-25,PAD-TOY-P,3,0,15,94.93,0.0,1.066629
2024-03-25,PAD-TOY-V,10,0,18,66.13,0.0,1.066613
2024-03-25,PAD-FOR-P,9,0,15,94.93,0.0,1.066629
2024-03-25,PAD-FOR-V,8,0,20,66.13,0.0,1.066613
2024-03-25,BAT-TOY-P,3,0,12,158.9,0.2,0.798492
2024-03-25,BAT-TOY-V,8,1,8,110.99,0.2,0.798489
2024-03-25,BAT-FOR-P,7,0,8,158.9,0.2,0.798492
2024-03-25,BAT-FOR-V,3,0,20,110.99,0.2,0.798489
2024-03-25,WIP-TOY-P,14,0,16,26.73,0.0,0.921724
2024-03-25,WIP-TOY-V,12,1,12,16.59,0.0,0.921667
2024-03-25,WIP-FOR-P,7,1,7,26.73,0.0,0.921724
2024-03-25,WIP-FOR-V,3,0,27,16.59,0.0,0.921667
2024-04-01,PAD-TOY-P,5,0,12,90.35,0.0,1.015169
2024-04-01,PAD-TOY-V,17,0,32,62.94,0.0,1.015161
2024-04-01,PAD-FOR-P,7,0,16,90.35,0.0,1.015169
2024-04-01,PAD-FOR-V,5,0,12,62.94,0.0,1.015161
2024-04-01,BAT-TOY-P,1,0,17,202.41,0.0,1.017136
2024-04-01,BAT-TOY-V,0,1,0,141.38,0.0,1.017122
2024-04-01,BAT-FOR-P,1,1,1,202.41,0.0,1.017136
2024-04-01,BAT-FOR-V,3,0,17,141.38,0.0,1.017122
2024-04-01,WIP-TOY-P,9,0,22,26.43,0.0,0.911379
2024-04-01,WIP-TOY-V,9,0,28,16.41,0.0,0.911667
2024-04-01,WIP-FOR-P,8,0,16,26.43,0.0,0.911379
2024-04-01,WIP-FOR-V,24,1,24,16.41,0.0,0.911667
2024-04-08,PAD-TOY-P,5,0,19,94.27,0.0,1.059213
2024-04-08,PAD-TOY-V,15,1,15,65.67,0.0,1.059194
2024-04-08,PAD-FOR-P,4,0,9,94.27,0.0,1.059213
2024-04-08,PAD-FOR-V,10,0,21,65.67,0.0,1.059194
2024-04-08,BAT-TOY-P,3,0,16,201.11,0.0,1.010603
2024-04-08,BAT-TOY-V,0,0,10,140.47,0.0,1.010576
2024-04-08,BAT-FOR-P,3,0,9,201.11,0.0,1.010603
2024-04-08,BAT-FOR-V,7,0,14,140.47,0.0,1.010576
2024-04-08,WIP-TOY-P,13,1,13,22.82,0.2,0.786897
2024-04-08,WIP-TOY-V,19,1,19,14.17,0.2,0.787222
2024-04-08,WIP-FOR-P,8,1,8,22.82,0.2,0.786897
2024-04-08,WIP-FOR-V,15,0,32,14.17,0.2,0.787222
2024-04-15,PAD-TOY-P,10,0,14,92.08,0.0,1.034607
2024-04-15,PAD-TOY-V,13,0,34,64.15,0.0,1.034677
2024-04-15,PAD-FOR-P,5,0,5,92.08,0.0,1.034607
2024-04-15,PAD-FOR-V,8,0,11,64.15,0.0,1.034677
2024-04-15,BAT-TOY-P,1,0,13,204.46,0.0,1.027437
2024-04-15,BAT-TOY-V,8,0,22,142.82,0.0,1.027482
2024-04-15,BAT-FOR-P,0,0,6,204.46,0.0,1.027437
2024-04-15,BAT-FOR-V,2,0,7,142.82,0.0,1.027482
2024-04-15,WIP-TOY-P,15,0,28,30.35,0.0,1.046552
2024-04-15,WIP-TOY-V,17,0,32,18.84,0.0,1.046667
2024-04-15,WIP-FOR-P,2,0,16,30.35,0.0,1.046552
2024-04-15,WIP-FOR-V,13,0,17,18.84,0.0,1.046667
2024-04-22,PAD-TOY-P,10,0,18,68.47,0.2,0.769326
2024-04-22,PAD-TOY-V,12,0,21,47.7,0.2,0.769355
2024-04-22,PAD-FOR-P,10,1,10,68.47,0.2,0.769326
2024-04-22,PAD-FOR-V,9,0,19,47.7,0.2,0.769355
2024-04-22,BAT-TOY-P,3,0,12,202.3,0.0,1.016583
2024-04-22,BAT-TOY-V,7,0,14,141.3,0.0,1.016547
2024-04-22,BAT-FOR-P,1,0,6,202.3,0.0,1.016583
2024-04-22,BAT-FOR-V,4,0,5,141.3,0.0,1.016547
2024-04-22,WIP-TOY-P,1,0,29,29.94,0.0,1.032414
2024-04-22,WIP-TOY-V,2,0,35,18.58,0.0,1.032222
2024-04-22,WIP-FOR-P,3,0,14,29.94,0.0,1.032414
2024-04-22,WIP-FOR-V,11,0,36,18.58,0.0,1.032222
2024-04-29,PAD-TOY-P,6,0,20,86.05,0.0,0.966854
2024-04-29,PAD-TOY-V,6,0,39,59.94,0.0,0.966774
2024-04-29,PAD-FOR-P,3,0,16,86.05,0.0,0.966854
2024-04-29,PAD-FOR-V,4,0,10,59.94,0.0,0.966774
2024-04-29,BAT-TOY-P,3,0,9,191.34,0.0,0.961508
2024-04-29,BAT-TOY-V,5,0,7,133.65,0.0,0.961511
2024-04-29,BAT-FOR-P,2,0,9,191.34,0.0,0.961508
2024-04-29,BAT-FOR-V,1,1,1,133.65,0.0,0.961511
2024-04-29,WIP-TOY-P,13,0,28,29.44,0.0,1.015172
2024-04-29,WIP-TOY-V,16,0,33,18.27,0.0,1.015
2024-04-29,WIP-FOR-P,9,0,11,29.44,0.0,1.015172
2024-04-29,WIP-FOR-V,13,0,25,18.27,0.0,1.015
2024-05-06,PAD-TOY-P,13,0,14,88.54,0.0,0.994831
2024-05-06,PAD-TOY-V,12,0,33,61.68,0.0,0.994839
2024-05-06,PAD-FOR-P,0,0,13,88.54,0.0,0.994831
2024-05-06,PAD-FOR-V,5,0,20,61.68,0.0,0.994839
2024-05-06,BAT-TOY-P,4,0,6,161.75,0.2,0.812814
2024-05-06,BAT-TOY-V,2,0,2,112.98,0.2,0.812806
2024-05-06,BAT-FOR-P,1,0,7,161.75,0.2,0.812814
2024-05-06,BAT-FOR-V,4,0,11,112.98,0.2,0.812806
2024-05-06,WIP-TOY-P,15,0,15,29.73,0.0,1.025172
2024-05-06,WIP-TOY-V,11,0,17,18.45,0.0,1.025
2024-05-06,WIP-FOR-P,1,0,18,29.73,0.0,1.025172
2024-05-06,WIP-FOR-V,5,0,36,18.45,0.0,1.025
2024-05-13,PAD-TOY-P,14,0,21,92.94,0.0,1.04427
2024-05-13,PAD-TOY-V,20,0,21,64.74,0.0,1.044194
2024-05-13,PAD-FOR-P,2,0,13,92.94,0.0,1.04427
2024-05-13,PAD-FOR-V,8,0,15,64.74,0.0,1.044194
2024-05-13,BAT-TOY-P,2,1,2,200.59,0.0,1.00799
2024-05-13,BAT-TOY-V,4,0,11,140.11,0.0,1.007986
2024-05-13,BAT-FOR-P,4,0,6,200.59,0.0,1.00799
2024-05-13,BAT-FOR-V,4,0,7,140.11,0.0,1.007986
2024-05-13,WIP-TOY-P,5,0,32,29.61,0.0,1.021034
2024-05-13,WIP-TOY-V,1,0,34,18.38,0.0,1.021111
2024-05-13,WIP-FOR-P,11,0,17,29.61,0.0,1.021034
2024-05-13,WIP-FOR-V,6,0,31,18.38,0.0,1.021111
2024-05-20,PAD-TOY-P,9,0,23,92.29,0.0,1.036966
2024-05-20,PAD-TOY-V,23,0,37,64.3,0.0,1.037097
2024-05-20,PAD-FOR-P,4,0,11,92.29,0.0,1.036966
2024-05-20,PAD-FOR-V,10,0,21,64.3,0.0,1.037097
2024-05-20,BAT-TOY-P,2,0,9,195.19,0.0,0.980854
2024-05-20,BAT-TOY-V,0,0,15,136.34,0.0,0.980863
2024-05-20,BAT-FOR-P,1,0,2,195.19,0.0,0.980854
2024-05-20,BAT-FOR-V,3,0,3,136.34,0.0,0.980863
2024-05-20,WIP-TOY-P,2,0,27,24.05,0.2,0.82931
2024-05-20,WIP-TOY-V,15,0,33,14.93,0.2,0.829444
2024-05-20,WIP-FOR-P,17,0,18,24.05,0.2,0.82931
2024-05-20,WIP-FOR-V,5,0,25,14.93,0.2,0.829444
2024-05-27,PAD-TOY-P,5,0,14,88.27,0.0,0.991798
2024-05-27,PAD-TOY-V,9,0,42,61.49,0.0,0.991774
2024-05-27,PAD-FOR-P,5,0,7,88.27,0.0,0.991798
2024-05-27,PAD-FOR-V,4,0,11,61.49,0.0,0.991774
2024-05-27,BAT-TOY-P,3,0,7,194.25,0.0,0.976131
2024-05-27,BAT-TOY-V,6,0,15,135.69,0.0,0.976187
2024-05-27,BAT-FOR-P,0,0,9,194.25,0.0,0.976131
2024-05-27,BAT-FOR-V,3,0,12,135.69,0.0,0.976187
2024-05-27,WIP-TOY-P,4,0,25,29.08,0.0,1.002759
2024-05-27,WIP-TOY-V,5,0,18,18.05,0.0,1.002778
2024-05-27,WIP-FOR-P,6,0,21,29.08,0.0,1.002759
2024-05-27,WIP-FOR-V,9,0,20,18.05,0.0,1.002778
2024-06-03,PAD-TOY-P,3,0,25,74.92,0.2,0.841798
2024-06-03,PAD-TOY-V,17,0,33,52.19,0.2,0.841774
2024-06-03,PAD-FOR-P,4,0,12,74.92,0.2,0.841798
2024-06-03,PAD-FOR-V,21,1,21,52.19,0.2,0.841774
2024-06-03,BAT-TOY-P,1,0,11,188.97,0.0,0.949598
2024-06-03,BAT-TOY-V,7,0,9,131.99,0.0,0.949568
2024-06-03,BAT-FOR-P,3,0,9,188.97,0.0,0.949598
2024-06-03,BAT-FOR-V,4,0,9,131.99,0.0,0.949568
2024-06-03,WIP-TOY-P,6,0,21,29.38,0.0,1.013103
2024-06-03,WIP-TOY-V,18,0,33,18.24,0.0,1.013333
2024-06-03,WIP-FOR-P,2,0,15,29.38,0.0,1.013103
2024-06-03,WIP-FOR-V,5,0,27,18.24,0.0,1.013333
2024-06-10,PAD-TOY-P,1,0,22,93.35,0.0,1.048876
2024-06-10,PAD-TOY-V,5,0,16,65.03,0.0,1.048871
2024-06-10,PAD-FOR-P,2,0,8,93.35,0.0,1.048876
2024-06-10,PAD-FOR-V,5,0,24,65.03,0.0,1.048871
2024-06-10,BAT-TOY-P,1,0,10,184.63,0.0,0.927789
2024-06-10,BAT-TOY-V,6,0,9,128.96,0.0,0.92777
2024-06-10,BAT-FOR-P,4,0,6,184.63,0.0,0.927789
2024-06-10,BAT-FOR-V,4,0,11,128.96,0.0,0.92777
2024-06-10,WIP-TOY-P,2,0,15,30.68,0.0,1.057931
2024-06-10,WIP-TOY-V,7,0,15,19.04,0.0,1.057778
2024-06-10,WIP-FOR-P,0,0,13,30.68,0.0,1.057931
2024-06-10,WIP-FOR-V,18,0,22,19.04,0.0,1.057778
2024-06-17,PAD-TOY-P,6,0,21,94.29,0.0,1.059438
2024-06-17,PAD-TOY-V,6,0,33,65.69,0.0,1.059516
2024-06-17,PAD-FOR-P,2,0,6,94.29,0.0,1.059438
2024-06-17,PAD-FOR-V,16,0,19,65.69,0.0,1.059516
2024-06-17,BAT-TOY-P,1,0,9,146.88,0.2,0.73809
2024-06-17,BAT-TOY-V,7,0,14,102.6,0.2,0.738129
2024-06-17,BAT-FOR-P,2,1,2,146.88,0.2,0.73809
2024-06-17,BAT-FOR-V,4,0,15,102.6,0.2,0.738129
2024-06-17,WIP-TOY-P,3,0,13,31.7,0.0,1.093103
2024-06-17,WIP-TOY-V,6,0,28,19.67,0.0,1.092778
2024-06-17,WIP-FOR-P,2,0,13,31.7,0.0,1.093103
2024-06-17,WIP-FOR-V,4,0,28,19.67,0.0,1.092778
2024-06-24,PAD-TOY-P,9,0,15,92.31,0.0,1.037191
2024-06-24,PAD-TOY-V,7,0,27,64.3,0.0,1.037097
2024-06-24,PAD-FOR-P,7,0,10,92.31,0.0,1.037191
2024-06-24,PAD-FOR-V,10,0,25,64.3,0.0,1.037097
2024-06-24,BAT-TOY-P,2,0,8,188.32,0.0,0.946332
2024-06-24,BAT-TOY-V,6,0,7,131.54,0.0,0.946331
2024-06-24,BAT-FOR-P,3,0,4,188.32,0.0,0.946332
2024-06-24,BAT-FOR-V,7,0,11,131.54,0.0,0.946331
2024-06-24,WIP-TOY-P,5,0,10,30.45,0.0,1.05
2024-06-24,WIP-TOY-V,14,0,22,18.9,0.0,1.05
2024-06-24,WIP-FOR-P,2,0,11,30.45,0.0,1.05
2024-06-24,WIP-FOR-V,15,0,24,18.9,0.0,1.05
2024-07-01,PAD-TOY-P,4,0,22,94.2,0.0,1.058427
2024-07-01,PAD-TOY-V,8,0,20,65.62,0.0,1.058387
2024-07-01,PAD-FOR-P,4,0,9,94.2,0.0,1.058427
2024-07-01,PAD-FOR-V,8,0,15,65.62,0.0,1.058387
2024-07-01,BAT-TOY-P,4,0,6,187.18,0.0,0.940603
2024-07-01,BAT-TOY-V,1,1,1,130.74,0.0,0.940576
2024-07-01,BAT-FOR-P,0,0,1,187.18,0.0,0.940603
2024-07-01,BAT-FOR-V,4,1,4,130.74,0.0,0.940576
2024-07-01,WIP-TOY-P,12,0,17,24.97,0.2,0.861034
2024-07-01,WIP-TOY-V,18,0,28,15.5,0.2,0.861111
2024-07-01,WIP-FOR-P,4,0,9,24.97,0.2,0.861034
2024-07-01,WIP-FOR-V,3,0,25,15.5,0.2,0.861111
2024-07-08,PAD-TOY-P,1,0,18,94.69,0.0,1.063933
2024-07-08,PAD-TOY-V,4,0,12,65.96,0.0,1.063871
2024-07-08,PAD-FOR-P,4,0,11,94.69,0.0,1.063933
2024-07-08,PAD-FOR-V,7,0,29,65.96,0.0,1.063871
2024-07-08,BAT-TOY-P,2,1,2,186.79,0.0,0.938643
2024-07-08,BAT-TOY-V,10,0,12,130.47,0.0,0.938633
2024-07-08,BAT-FOR-P,6,0,7,186.79,0.0,0.938643
2024-07-08,BAT-FOR-V,1,0,13,130.47,0.0,0.938633
2024-07-08,WIP-TOY-P,3,0,17,30.18,0.0,1.04069
2024-07-08,WIP-TOY-V,4,0,30,18.74,0.0,1.041111
2024-07-08,WIP-FOR-P,1,0,17,30.18,0.0,1.04069
2024-07-08,WIP-FOR-V,5,0,22,18.74,0.0,1.041111
2024-07-15,PAD-TOY-P,3,0,17,73.76,0.2,0.828764
2024-07-15,PAD-TOY-V,9,0,30,51.39,0.2,0.828871
2024-07-15,PAD-FOR-P,7,1,7,73.76,0.2,0.828764
2024-07-15,PAD-FOR-V,11,0,22,51.39,0.2,0.828871
2024-07-15,BAT-TOY-P,0,1,0,192.13,0.0,0.965477
2024-07-15,BAT-TOY-V,17,0,22,134.2,0.0,0.965468
2024-07-15,BAT-FOR-P,1,0,1,192.13,0.0,0.965477
2024-07-15,BAT-FOR-V,4,0,12,134.2,0.0,0.965468
2024-07-15,WIP-TOY-P,1,0,14,32.07,0.0,1.105862
2024-07-15,WIP-TOY-V,11,0,26,19.91,0.0,1.106111
2024-07-15,WIP-FOR-P,3,0,16,32.07,0.0,1.105862
2024-07-15,WIP-FOR-V,3,0,17,19.91,0.0,1.106111
2024-07-22,PAD-TOY-P,7,0,14,88.31,0.0,0.992247
2024-07-22,PAD-TOY-V,3,0,21,61.52,0.0,0.992258
2024-07-22,PAD-FOR-P,6,0,14,88.31,0.0,0.992247
2024-07-22,PAD-FOR-V,6,0,29,61.52,0.0,0.992258
2024-07-22,BAT-TOY-P,3,0,6,172.67,0.0,0.867688
2024-07-22,BAT-TOY-V,4,0,30,120.61,0.0,0.867698
2024-07-22,BAT-FOR-P,0,1,0,172.67,0.0,0.867688
2024-07-22,BAT-FOR-V,6,0,8,120.61,0.0,0.867698
2024-07-22,WIP-TOY-P,3,0,13,31.32,0.0,1.08
2024-07-22,WIP-TOY-V,6,0,15,19.44,0.0,1.08
2024-07-22,WIP-FOR-P,3,0,13,31.32,0.0,1.08
2024-07-22,WIP-FOR-V,5,0,14,19.44,0.0,1.08
2024-07-29,PAD-TOY-P,4,0,7,87.76,0.0,0.986067
2024-07-29,PAD-TOY-V,4,0,18,61.13,0.0,0.985968
2024-07-29,PAD-FOR-P,5,0,8,87.76,0.0,0.986067
2024-07-29,PAD-FOR-V,7,0,23,61.13,0.0,0.985968
2024-07-29,BAT-TOY-P,3,1,3,139.96,0.2,0.703317
2024-07-29,BAT-TOY-V,22,0,26,97.76,0.2,0.703309
2024-07-29,BAT-FOR-P,3,0,9,139.96,0.2,0.703317
2024-07-29,BAT-FOR-V,10,1,10,97.76,0.2,0.703309
2024-07-29,WIP-TOY-P,9,0,10,32.23,0.0,1.111379
2024-07-29,WIP-TOY-V,2,0,29,20.0,0.0,1.111111
2024-07-29,WIP-FOR-P,2,0,10,32.23,0.0,1.111379
2024-07-29,WIP-FOR-V,0,0,21,20.0,0.0,1.111111
2024-08-05,PAD-TOY-P,4,0,13,87.53,0.0,0.983483
2024-08-05,PAD-TOY-V,14,1,14,60.98,0.0,0.983548
2024-08-05,PAD-FOR-P,3,1,3,87.53,0.0,0.983483
2024-08-05,PAD-FOR-V,14,0,16,60.98,0.0,0.983548
2024-08-05,BAT-TOY-P,5,1,5,172.86,0.0,0.868643
2024-08-05,BAT-TOY-V,4,1,4,120.74,0.0,0.868633
2024-08-05,BAT-FOR-P,0,0,10,172.86,0.0,0.868643
2024-08-05,BAT-FOR-V,7,0,8,120.74,0.0,0.868633
2024-08-05,WIP-TOY-P,5,0,17,32.01,0.0,1.103793
2024-08-05,WIP-TOY-V,9,0,27,19.87,0.0,1.103889
2024-08-05,WIP-FOR-P,2,0,8,32.01,0.0,1.103793
2024-08-05,WIP-FOR-V,11,0,21,19.87,0.0,1.103889
2024-08-12,PAD-TOY-P,5,0,9,88.41,0.0,0.993371
2024-08-12,PAD-TOY-V,11,0,20,61.59,0.0,0.993387
2024-08-12,PAD-FOR-P,1,0,10,88.41,0.0,0.993371
2024-08-12,PAD-FOR-V,6,0,28,61.59,0.0,0.993387
2024-08-12,BAT-TOY-P,0,1,0,181.2,0.0,0.910553
2024-08-12,BAT-TOY-V,0,1,0,126.57,0.0,0.910576
2024-08-12,BAT-FOR-P,0,0,10,181.2,0.0,0.910553
2024-08-12,BAT-FOR-V,1,1,1,126.57,0.0,0.910576
2024-08-12,WIP-TOY-P,8,0,12,25.87,0.2,0.892069
2024-08-12,WIP-TOY-V,11,0,18,16.06,0.2,0.892222
2024-08-12,WIP-FOR-P,6,1,6,25.87,0.2,0.892069
2024-08-12,WIP-FOR-V,10,0,10,16.06,0.2,0.892222
2024-08-19,PAD-TOY-P,14,1,14,89.76,0.0,1.008539
2024-08-19,PAD-TOY-V,11,0,21,62.53,0.0,1.008548
2024-08-19,PAD-FOR-P,4,0,9,89.76,0.0,1.008539
2024-08-19,PAD-FOR-V,12,0,22,62.53,0.0,1.008548
2024-08-19,BAT-TOY-P,2,0,7,174.13,0.0,0.875025
2024-08-19,BAT-TOY-V,0,0,32,121.63,0.0,0.875036
2024-08-19,BAT-FOR-P,2,0,10,174.13,0.0,0.875025
2024-08-19,BAT-FOR-V,7,0,21,121.63,0.0,0.875036
2024-08-19,WIP-TOY-P,1,0,16,30.94,0.0,1.066897
2024-08-19,WIP-TOY-V,3,0,27,19.2,0.0,1.066667
2024-08-19,WIP-FOR-P,5,0,12,30.94,0.0,1.066897
2024-08-19,WIP-FOR-V,7,0,20,19.2,0.0,1.066667
2024-08-26,PAD-TOY-P,0,1,0,75.3,0.2,0.846067
2024-08-26,PAD-TOY-V,21,0,22,52.45,0.2,0.845968
2024-08-26,PAD-FOR-P,2,0,13,75.3,0.2,0.846067
2024-08-26,PAD-FOR-V,16,0,26,52.45,0.2,0.845968
2024-08-26,BAT-TOY-P,0,0,8,167.87,0.0,0.843568
2024-08-26,BAT-TOY-V,2,0,32,117.25,0.0,0.843525
2024-08-26,BAT-FOR-P,3,0,8,167.87,0.0,0.843568
2024-08-26,BAT-FOR-V,9,0,14,117.25,0.0,0.843525
2024-08-26,WIP-TOY-P,3,0,15,29.1,0.0,1.003448
2024-08-26,WIP-TOY-V,13,0,24,18.06,0.0,1.003333
2024-08-26,WIP-FOR-P,3,0,7,29.1,0.0,1.003448
2024-08-26,WIP-FOR-V,3,0,13,18.06,0.0,1.003333
2024-09-02,PAD-TOY-P,6,0,16,92.74,0.0,1.042022
2024-09-02,PAD-TOY-V,12,0,27,64.61,0.0,1.042097
2024-09-02,PAD-FOR-P,4,0,11,92.74,0.0,1.042022
2024-09-02,PAD-FOR-V,5,0,28,64.61,0.0,1.042097
2024-09-02,BAT-TOY-P,5,0,8,183.53,0.0,0.922261
2024-09-02,BAT-TOY-V,1,0,30,128.2,0.0,0.922302
2024-09-02,BAT-FOR-P,6,0,8,183.53,0.0,0.922261
2024-09-02,BAT-FOR-V,5,0,5,128.2,0.0,0.922302
2024-09-02,WIP-TOY-P,1,0,12,30.41,0.0,1.048621
2024-09-02,WIP-TOY-V,11,1,11,18.88,0.0,1.048889
2024-09-02,WIP-FOR-P,10,0,12,30.41,0.0,1.048621
2024-09-02,WIP-FOR-V,10,1,10,18.88,0.0,1.048889
2024-09-09,PAD-TOY-P,1,0,10,88.68,0.0,0.996404
2024-09-09,PAD-TOY-V,11,0,15,61.78,0.0,0.996452
2024-09-09,PAD-FOR-P,4,0,7,88.68,0.0,0.996404
2024-09-09,PAD-FOR-V,4,0,23,61.78,0.0,0.996452
2024-09-09,BAT-TOY-P,2,0,3,149.18,0.2,0.749648
2024-09-09,BAT-TOY-V,7,0,29,104.2,0.2,0.74964
2024-09-09,BAT-FOR-P,2,0,2,149.18,0.2,0.749648
2024-09-09,BAT-FOR-V,3,0,18,104.2,0.2,0.74964
2024-09-09,WIP-TOY-P,10,0,11,30.21,0.0,1.041724
2024-09-09,WIP-TOY-V,20,0,24,18.75,0.0,1.041667
2024-09-09,WIP-FOR-P,2,0,14,30.21,0.0,1.041724
2024-09-09,WIP-FOR-V,5,0,20,18.75,0.0,1.041667
2024-09-16,PAD-TOY-P,4,0,9,88.63,0.0,0.995843
2024-09-16,PAD-TOY-V,19,0,32,61.74,0.0,0.995806
2024-09-16,PAD-FOR-P,3,0,11,88.63,0.0,0.995843
2024-09-16,PAD-FOR-V,7,0,19,61.74,0.0,0.995806
2024-09-16,BAT-TOY-P,7,0,8,190.27,0.0,0.956131
2024-09-16,BAT-TOY-V,7,0,22,132.9,0.0,0.956115
2024-09-16,BAT-FOR-P,1,0,6,190.27,0.0,0.956131
2024-09-16,BAT-FOR-V,1,0,24,132.9,0.0,0.956115
2024-09-16,WIP-TOY-P,9,0,17,30.36,0.0,1.046897
2024-09-16,WIP-TOY-V,28,1,28,18.84,0.0,1.046667
2024-09-16,WIP-FOR-P,6,0,12,30.36,0.0,1.046897
2024-09-16,WIP-FOR-V,5,0,15,18.84,0.0,1.046667
2024-09-23,PAD-TOY-P,9,0,15,86.8,0.0,0.975281
2024-09-23,PAD-TOY-V,8,0,37,60.47,0.0,0.975323
2024-09-23,PAD-FOR-P,6,0,8,86.8,0.0,0.975281
2024-09-23,PAD-FOR-V,11,0,12,60.47,0.0,0.975323
2024-09-23,BAT-TOY-P,1,1,1,198.29,0.0,0.996432
2024-09-23,BAT-TOY-V,6,0,15,138.51,0.0,0.996475
2024-09-23,BAT-FOR-P,5,1,5,198.29,0.0,0.996432
2024-09-23,BAT-FOR-V,3,0,23,138.51,0.0,0.996475
2024-09-23,WIP-TOY-P,8,1,8,22.59,0.2,0.778966
2024-09-23,WIP-TOY-V,17,0,36,14.02,0.2,0.778889
2024-09-23,WIP-FOR-P,14,0,14,22.59,0.2,0.778966
2024-09-23,WIP-FOR-V,10,1,10,14.02,0.2,0.778889
2024-09-30,PAD-TOY-P,5,0,16,82.02,0.0,0.921573
2024-09-30,PAD-TOY-V,17,0,29,57.14,0.0,0.921613
2024-09-30,PAD-FOR-P,4,0,12,82.02,0.0,0.921573
2024-09-30,PAD-FOR-V,15,0,27,57.14,0.0,0.921613
2024-09-30,BAT-TOY-P,2,0,12,198.97,0.0,0.999849
2024-09-30,BAT-TOY-V,9,1,9,138.98,0.0,0.999856
2024-09-30,BAT-FOR-P,5,0,10,198.97,0.0,0.999849
2024-09-30,BAT-FOR-V,4,0,20,138.98,0.0,0.999856
2024-09-30,WIP-TOY-P,6,0,16,28.49,0.0,0.982414
2024-09-30,WIP-TOY-V,13,0,19,17.68,0.0,0.982222
2024-09-30,WIP-FOR-P,10,0,20,28.49,0.0,0.982414
2024-09-30,WIP-FOR-V,7,0,24,17.68,0.0,0.982222
2024-10-07,PAD-TOY-P,11,0,11,64.98,0.2,0.730112
2024-10-07,PAD-TOY-V,24,0,38,45.27,0.2,0.730161
2024-10-07,PAD-FOR-P,8,1,8,64.98,0.2,0.730112
2024-10-07,PAD-FOR-V,23,0,28,45.27,0.2,0.730161
2024-10-07,BAT-TOY-P,2,0,10,197.98,0.0,0.994874
2024-10-07,BAT-TOY-V,0,0,0,138.29,0.0,0.994892
2024-10-07,BAT-FOR-P,3,0,13,197.98,0.0,0.994874
2024-10-07,BAT-FOR-V,5,0,16,138.29,0.0,0.994892
2024-10-07,WIP-TOY-P,10,1,10,28.25,0.0,0.974138
2024-10-07,WIP-TOY-V,7,0,42,17.53,0.0,0.973889
2024-10-07,WIP-FOR-P,9,0,10,28.25,0.0,0.974138
2024-10-07,WIP-FOR-V,8,0,17,17.53,0.0,0.973889
2024-10-14,PAD-TOY-P,0,1,0,82.59,0.0,0.927978
2024-10-14,PAD-TOY-V,8,0,44,57.54,0.0,0.928065
2024-10-14,PAD-FOR-P,5,0,14,82.59,0.0,0.927978
2024-10-14,PAD-FOR-V,13,0,33,57.54,0.0,0.928065
2024-10-14,BAT-TOY-P,0,0,8,207.35,0.0,1.04196
2024-10-14,BAT-TOY-V,3,0,16,144.83,0.0,1.041942
2024-10-14,BAT-FOR-P,3,0,10,207.35,0.0,1.04196
2024-10-14,BAT-FOR-V,4,0,11,144.83,0.0,1.041942
2024-10-14,WIP-TOY-P,8,0,20,28.31,0.0,0.976207
2024-10-14,WIP-TOY-V,15,0,35,17.57,0.0,0.976111
2024-10-14,WIP-FOR-P,6,0,21,28.31,0.0,0.976207
2024-10-14,WIP-FOR-V,2,0,21,17.57,0.0,0.976111
2024-10-21,PAD-TOY-P,5,0,18,84.26,0.0,0.946742
2024-10-21,PAD-TOY-V,2,0,36,58.7,0.0,0.946774
2024-10-21,PAD-FOR-P,4,0,9,84.26,0.0,0.946742
2024-10-21,PAD-FOR-V,4,0,20,58.7,0.0,0.946774
2024-10-21,BAT-TOY-P,7,0,8,150.69,0.2,0.757236
2024-10-21,BAT-TOY-V,13,1,13,105.25,0.2,0.757194
2024-10-21,BAT-FOR-P,6,0,7,150.69,0.2,0.757236
2024-10-21,BAT-FOR-V,3,0,15,105.25,0.2,0.757194
2024-10-21,WIP-TOY-P,10,0,12,28.52,0.0,0.983448
2024-10-21,WIP-TOY-V,9,0,20,17.7,0.0,0.983333
2024-10-21,WIP-FOR-P,9,0,15,28.52,0.0,0.983448
2024-10-21,WIP-FOR-V,13,0,19,17.7,0.0,0.983333
2024-10-28,PAD-TOY-P,4,0,13,87.35,0.0,0.981461
2024-10-28,PAD-TOY-V,3,0,34,60.85,0.0,0.981452
2024-10-28,PAD-FOR-P,2,0,5,87.35,0.0,0.981461
2024-10-28,PAD-FOR-V,14,0,16,60.85,0.0,0.981452
2024-10-28,BAT-TOY-P,0,0,1,188.63,0.0,0.947889
2024-10-28,BAT-TOY-V,3,0,23,131.75,0.0,0.947842
2024-10-28,BAT-FOR-P,6,0,16,188.63,0.0,0.947889
2024-10-28,BAT-FOR-V,3,0,12,131.75,0.0,0.947842
2024-10-28,WIP-TOY-P,4,0,22,29.6,0.0,1.02069
2024-10-28,WIP-TOY-V,10,0,43,18.37,0.0,1.020556
2024-10-28,WIP-FOR-P,2,0,26,29.6,0.0,1.02069
2024-10-28,WIP-FOR-V,13,0,22,18.37,0.0,1.020556
2024-11-04,PAD-TOY-P,9,0,9,91.71,0.0,1.030449
2024-11-04,PAD-TOY-V,4,0,31,63.89,0.0,1.030484
2024-11-04,PAD-FOR-P,0,0,13,91.71,0.0,1.030449
2024-11-04,PAD-FOR-V,7,0,32,63.89,0.0,1.030484
2024-11-04,BAT-TOY-P,4,0,13,193.98,0.0,0.974774
2024-11-04,BAT-TOY-V,2,0,20,135.49,0.0,0.974748
2024-11-04,BAT-FOR-P,5,0,10,193.98,0.0,0.974774
2024-11-04,BAT-FOR-V,1,0,9,135.49,0.0,0.974748
2024-11-04,WIP-TOY-P,8,0,18,23.66,0.2,0.815862
2024-11-04,WIP-TOY-V,19,0,33,14.69,0.2,0.816111
2024-11-04,WIP-FOR-P,4,0,24,23.66,0.2,0.815862
2024-11-04,WIP-FOR-V,15,0,25,14.69,0.2,0.816111
2024-11-11,PAD-TOY-P,14,0,18,94.75,0.0,1.064607
2024-11-11,PAD-TOY-V,5,0,27,66.01,0.0,1.064677
2024-11-11,PAD-FOR-P,0,0,13,94.75,0.0,1.064607
2024-11-11,PAD-FOR-V,7,0,25,66.01,0.0,1.064677
2024-11-11,BAT-TOY-P,2,0,9,200.74,0.0,1.008744
2024-11-11,BAT-TOY-V,4,0,18,140.22,0.0,1.008777
2024-11-11,BAT-FOR-P,0,0,11,200.74,0.0,1.008744
2024-11-11,BAT-FOR-V,8,1,8,140.22,0.0,1.008777
2024-11-11,WIP-TOY-P,1,0,22,28.25,0.0,0.974138
2024-11-11,WIP-TOY-V,12,0,42,17.54,0.0,0.974444
2024-11-11,WIP-FOR-P,13,0,20,28.25,0.0,0.974138
2024-11-11,WIP-FOR-V,10,0,10,17.54,0.0,0.974444
2024-11-18,PAD-TOY-P,15,0,20,75.12,0.2,0.844045
2024-11-18,PAD-TOY-V,16,0,22,52.33,0.2,0.844032
2024-11-18,PAD-FOR-P,5,0,13,75.12,0.2,0.844045
2024-11-18,PAD-FOR-V,17,0,18,52.33,0.2,0.844032
2024-11-18,BAT-TOY-P,4,0,7,197.95,0.0,0.994724
2024-11-18,BAT-TOY-V,0,0,14,138.27,0.0,0.994748
2024-11-18,BAT-FOR-P,3,0,18,197.95,0.0,0.994724
2024-11-18,BAT-FOR-V,5,1,5,138.27,0.0,0.994748
2024-11-18,WIP-TOY-P,6,0,21,27.29,0.0,0.941034
2024-11-18,WIP-TOY-V,7,0,30,16.94,0.0,0.941111
2024-11-18,WIP-FOR-P,6,0,27,27.29,0.0,0.941034
2024-11-18,WIP-FOR-V,2,0,16,16.94,0.0,0.941111
2024-11-25,PAD-TOY-P,10,0,23,85.88,0.0,0.964944
2024-11-25,PAD-TOY-V,11,0,28,59.83,0.0,0.965
2024-11-25,PAD-FOR-P,2,0,8,85.88,0.0,0.964944
2024-11-25,PAD-FOR-V,1,1,1,59.83,0.0,0.965
2024-11-25,BAT-TOY-P,3,0,3,203.82,0.0,1.024221
2024-11-25,BAT-TOY-V,4,0,14,142.36,0.0,1.024173
2024-11-25,BAT-FOR-P,2,0,15,203.82,0.0,1.024221
2024-11-25,BAT-FOR-V,4,0,11,142.36,0.0,1.024173
2024-11-25,WIP-TOY-P,8,0,15,27.11,0.0,0.934828
2024-11-25,WIP-TOY-V,16,0,23,16.83,0.0,0.935
2024-11-25,WIP-FOR-P,5,0,21,27.11,0.0,0.934828
2024-11-25,WIP-FOR-V,8,0,14,16.83,0.0,0.935
2024-12-02,PAD-TOY-P,5,0,13,82.53,0.0,0.927303
2024-12-02,PAD-TOY-V,7,0,17,57.49,0.0,0.927258
2024-12-02,PAD-FOR-P,3,0,6,82.53,0.0,0.927303
2024-12-02,PAD-FOR-V,11,0,34,57.49,0.0,0.927258
2024-12-02,BAT-TOY-P,4,0,8,158.19,0.2,0.794925
2024-12-02,BAT-TOY-V,3,0,10,110.49,0.2,0.794892
2024-12-02,BAT-FOR-P,3,0,13,158.19,0.2,0.794925
2024-12-02,BAT-FOR-V,7,1,7,110.49,0.2,0.794892
2024-12-02,WIP-TOY-P,3,0,23,27.29,0.0,0.941034
2024-12-02,WIP-TOY-V,8,0,35,16.94,0.0,0.941111
2024-12-02,WIP-FOR-P,5,0,16,27.29,0.0,0.941034
2024-12-02,WIP-FOR-V,6,1,6,16.94,0.0,0.941111
2024-12-09,PAD-TOY-P,2,0,22,83.77,0.0,0.941236
2024-12-09,PAD-TOY-V,7,0,10,58.35,0.0,0.941129
2024-12-09,PAD-FOR-P,1,0,9,83.77,0.0,0.941236
2024-12-09,PAD-FOR-V,3,0,23,58.35,0.0,0.941129
2024-12-09,BAT-TOY-P,4,1,4,193.14,0.0,0.970553
2024-12-09,BAT-TOY-V,1,0,7,134.9,0.0,0.970504
2024-12-09,BAT-FOR-P,1,0,10,193.14,0.0,0.970553
2024-12-09,BAT-FOR-V,3,0,10,134.9,0.0,0.970504
2024-12-09,WIP-TOY-P,5,0,20,28.47,0.0,0.981724
2024-12-09,WIP-TOY-V,16,0,27,17.67,0.0,0.981667
2024-12-09,WIP-FOR-P,10,0,11,28.47,0.0,0.981724
2024-12-09,WIP-FOR-V,11,0,20,17.67,0.0,0.981667
2024-12-16,PAD-TOY-P,7,0,20,87.28,0.0,0.980674
2024-12-16,PAD-TOY-V,4,0,21,60.8,0.0,0.980645
2024-12-16,PAD-FOR-P,2,0,8,87.28,0.0,0.980674
2024-12-16,PAD-FOR-V,16,0,20,60.8,0.0,0.980645
2024-12-16,BAT-TOY-P,1,0,9,200.48,0.0,1.007437
2024-12-16,BAT-TOY-V,6,0,15,140.03,0.0,1.00741
2024-12-16,BAT-FOR-P,1,0,9,200.48,0.0,1.007437
2024-12-16,BAT-FOR-V,4,0,15,140.03,0.0,1.00741
2024-12-16,WIP-TOY-P,15,1,15,22.66,0.2,0.781379
2024-12-16,WIP-TOY-V,21,0,35,14.07,0.2,0.781667
2024-12-16,WIP-FOR-P,10,0,21,22.66,0.2,0.781379
2024-12-16,WIP-FOR-V,7,0,29,14.07,0.2,0.781667
2024-12-23,PAD-TOY-P,5,0,13,88.26,0.0,0.991685
2024-12-23,PAD-TOY-V,10,0,17,61.48,0.0,0.991613
2024-12-23,PAD-FOR-P,5,0,6,88.26,0.0,0.991685
2024-12-23,PAD-FOR-V,6,0,28,61.48,0.0,0.991613
2024-12-23,BAT-TOY-P,8,1,8,204.2,0.0,1.026131
2024-12-23,BAT-TOY-V,7,0,9,142.63,0.0,1.026115
2024-12-23,BAT-FOR-P,2,0,8,204.2,0.0,1.026131
2024-12-23,BAT-FOR-V,2,0,11,142.63,0.0,1.026115
2024-12-23,WIP-TOY-P,4,0,20,28.4,0.0,0.97931
2024-12-23,WIP-TOY-V,13,0,38,17.63,0.0,0.979444
2024-12-23,WIP-FOR-P,3,0,11,28.4,0.0,0.97931
2024-12-23,WIP-FOR-V,8,0,22,17.63,0.0,0.979444
2024-12-30,PAD-TOY-P,9,0,24,69.74,0.2,0.783596
2024-12-30,PAD-TOY-V,5,0,23,48.58,0.2,0.783548
2024-12-30,PAD-FOR-P,6,0,7,69.74,0.2,0.783596
2024-12-30,PAD-FOR-V,7,0,22,48.58,0.2,0.783548
2024-12-30,BAT-TOY-P,0,0,15,196.82,0.0,0.989045
2024-12-30,BAT-TOY-V,2,1,2,137.48,0.0,0.989065
2024-12-30,BAT-FOR-P,1,0,6,196.82,0.0,0.989045
2024-12-30,BAT-FOR-V,7,0,16,137.48,0.0,0.989065
2024-12-30,WIP-TOY-P,3,0,16,28.45,0.0,0.981034
2024-12-30,WIP-TOY-V,14,0,25,17.66,0.0,0.981111
2024-12-30,WIP-FOR-P,5,0,8,28.45,0.0,0.981034
2024-12-30,WIP-FOR-V,4,0,14,17.66,0.0,0.981111
2025-01-06,PAD-TOY-P,3,0,15,89.4,0.0,1.004494
2025-01-06,PAD-TOY-V,13,0,18,62.28,0.0,1.004516
2025-01-06,PAD-FOR-P,5,0,9,89.4,0.0,1.004494
2025-01-06,PAD-FOR-V,2,0,15,62.28,0.0,1.004516
2025-01-06,BAT-TOY-P,2,0,15,195.22,0.0,0.981005
2025-01-06,BAT-TOY-V,11,0,13,136.36,0.0,0.981007
2025-01-06,BAT-FOR-P,5,0,9,195.22,0.0,0.981005
2025-01-06,BAT-FOR-V,8,0,9,136.36,0.0,0.981007
2025-01-06,WIP-TOY-P,10,0,13,27.97,0.0,0.964483
2025-01-06,WIP-TOY-V,17,0,39,17.36,0.0,0.964444
2025-01-06,WIP-FOR-P,3,0,15,27.97,0.0,0.964483
2025-01-06,WIP-FOR-V,5,0,10,17.36,0.0,0.964444
2025-01-13,PAD-TOY-P,9,0,12,87.7,0.0,0.985393
2025-01-13,PAD-TOY-V,1,0,25,61.09,0.0,0.985323
2025-01-13,PAD-FOR-P,1,0,12,87.7,0.0,0.985393
2025-01-13,PAD-FOR-V,7,0,13,61.09,0.0,0.985323
2025-01-13,BAT-TOY-P,2,0,13,168.91,0.2,0.848794
2025-01-13,BAT-TOY-V,2,1,2,117.98,0.2,0.848777
2025-01-13,BAT-FOR-P,1,0,4,168.91,0.2,0.848794
2025-01-13,BAT-FOR-V,1,0,12,117.98,0.2,0.848777
2025-01-13,WIP-TOY-P,6,0,23,26.97,0.0,0.93
2025-01-13,WIP-TOY-V,14,0,22,16.74,0.0,0.93
2025-01-13,WIP-FOR-P,3,0,12,26.97,0.0,0.93
2025-01-13,WIP-FOR-V,11,0,21,16.74,0.0,0.93
2025-01-20,PAD-TOY-P,4,0,19,87.83,0.0,0.986854
2025-01-20,PAD-TOY-V,11,0,24,61.18,0.0,0.986774
2025-01-20,PAD-FOR-P,5,0,11,87.83,0.0,0.986854
2025-01-20,PAD-FOR-V,0,0,18,61.18,0.0,0.986774
2025-01-20,BAT-TOY-P,3,0,11,206.73,0.0,1.038844
2025-01-20,BAT-TOY-V,4,0,16,144.4,0.0,1.038849
2025-01-20,BAT-FOR-P,0,0,9,206.73,0.0,1.038844
2025-01-20,BAT-FOR-V,2,0,11,144.4,0.0,1.038849
2025-01-20,WIP-TOY-P,8,0,17,25.32,0.0,0.873103
2025-01-20,WIP-TOY-V,22,0,44,15.72,0.0,0.873333
2025-01-20,WIP-FOR-P,4,0,9,25.32,0.0,0.873103
2025-01-20,WIP-FOR-V,10,1,10,15.72,0.0,0.873333
2025-01-27,PAD-TOY-P,11,0,15,89.13,0.0,1.001461
2025-01-27,PAD-TOY-V,8,0,13,62.09,0.0,1.001452
2025-01-27,PAD-FOR-P,6,1,6,89.13,0.0,1.001461
2025-01-27,PAD-FOR-V,7,0,18,62.09,0.0,1.001452
2025-01-27,BAT-TOY-P,6,0,8,206.18,0.0,1.03608
2025-01-27,BAT-TOY-V,11,0,12,144.01,0.0,1.036043
2025-01-27,BAT-FOR-P,8,0,9,206.18,0.0,1.03608
2025-01-27,BAT-FOR-V,17,1,17,144.01,0.0,1.036043
2025-01-27,WIP-TOY-P,14,0,21,19.92,0.2,0.686897
2025-01-27,WIP-TOY-V,22,1,22,12.37,0.2,0.687222
2025-01-27,WIP-FOR-P,10,0,17,19.92,0.2,0.686897
2025-01-27,WIP-FOR-V,12,0,24,12.37,0.2,0.687222
2025-02-03,PAD-TOY-P,6,0,18,87.81,0.0,0.986629
2025-02-03,PAD-TOY-V,11,0,21,61.17,0.0,0.986613
2025-02-03,PAD-FOR-P,5,0,12,87.81,0.0,0.986629
2025-02-03,PAD-FOR-V,6,0,11,61.17,0.0,0.986613
2025-02-03,BAT-TOY-P,1,0,7,195.28,0.0,0.981307
2025-02-03,BAT-TOY-V,1,1,1,136.4,0.0,0.981295
2025-02-03,BAT-FOR-P,1,0,1,195.28,0.0,0.981307
2025-02-03,BAT-FOR-V,0,1,0,136.4,0.0,0.981295
2025-02-03,WIP-TOY-P,17,0,23,26.17,0.0,0.902414
2025-02-03,WIP-TOY-V,15,0,48,16.24,0.0,0.902222
2025-02-03,WIP-FOR-P,2,0,7,26.17,0.0,0.902414
2025-02-03,WIP-FOR-V,12,1,12,16.24,0.0,0.902222
2025-02-10,PAD-TOY-P,8,0,12,70.97,0.2,0.797416
2025-02-10,PAD-TOY-V,5,0,22,49.44,0.2,0.797419
2025-02-10,PAD-FOR-P,2,0,7,70.97,0.2,0.797416
2025-02-10,PAD-FOR-V,5,1,5,49.44,0.2,0.797419
2025-02-10,BAT-TOY-P,3,0,12,197.39,0.0,0.99191
2025-02-10,BAT-TOY-V,6,0,22,137.87,0.0,0.991871
2025-02-10,BAT-FOR-P,0,1,0,197.39,0.0,0.99191
2025-02-10,BAT-FOR-V,14,0,23,137.87,0.0,0.991871
2025-02-10,WIP-TOY-P,12,0,30,26.98,0.0,0.930345
2025-02-10,WIP-TOY-V,16,0,33,16.74,0.0,0.93
2025-02-10,WIP-FOR-P,13,0,17,26.98,0.0,0.930345
2025-02-10,WIP-FOR-V,8,0,24,16.74,0.0,0.93
2025-02-17,PAD-TOY-P,5,0,20,93.32,0.0,1.048539
2025-02-17,PAD-TOY-V,10,0,17,65.01,0.0,1.048548
2025-02-17,PAD-FOR-P,1,0,5,93.32,0.0,1.048539
2025-02-17,PAD-FOR-V,7,0,14,65.01,0.0,1.048548
2025-02-17,BAT-TOY-P,3,0,9,193.18,0.0,0.970754
2025-02-17,BAT-TOY-V,7,0,16,134.93,0.0,0.970719
2025-02-17,BAT-FOR-P,2,0,9,193.18,0.0,0.970754
2025-02-17,BAT-FOR-V,10,0,26,134.93,0.0,0.970719
2025-02-17,WIP-TOY-P,9,0,18,27.72,0.0,0.955862
2025-02-17,WIP-TOY-V,10,0,45,17.21,0.0,0.956111
2025-02-17,WIP-FOR-P,3,0,16,27.72,0.0,0.955862
2025-02-17,WIP-FOR-V,6,0,16,17.21,0.0,0.956111
2025-02-24,PAD-TOY-P,7,0,15,97.32,0.0,1.093483
2025-02-24,PAD-TOY-V,4,0,23,67.8,0.0,1.093548
2025-02-24,PAD-FOR-P,9,0,12,97.32,0.0,1.093483
2025-02-24,PAD-FOR-V,7,0,15,67.8,0.0,1.093548
2025-02-24,BAT-TOY-P,6,1,6,156.32,0.2,0.785528
2025-02-24,BAT-TOY-V,8,0,9,109.19,0.2,0.78554
2025-02-24,BAT-FOR-P,2,0,7,156.32,0.2,0.785528
2025-02-24,BAT-FOR-V,8,0,16,109.19,0.2,0.78554
2025-02-24,WIP-TOY-P,3,0,29,28.27,0.0,0.974828
2025-02-24,WIP-TOY-V,15,0,35,17.55,0.0,0.975
2025-02-24,WIP-FOR-P,13,0,13,28.27,0.0,0.974828
2025-02-24,WIP-FOR-V,4,0,26,17.55,0.0,0.975
2025-03-03,PAD-TOY-P,12,0,18,96.93,0.0,1.089101
2025-03-03,PAD-TOY-V,16,0,19,67.53,0.0,1.089194
2025-03-03,PAD-FOR-P,3,0,13,96.93,0.0,1.089101
2025-03-03,PAD-FOR-V,8,1,8,67.53,0.0,1.089194
2025-03-03,BAT-TOY-P,4,1,4,209.01,0.0,1.050302
2025-03-03,BAT-TOY-V,4,0,15,145.99,0.0,1.050288
2025-03-03,BAT-FOR-P,0,0,5,209.01,0.0,1.050302
2025-03-03,BAT-FOR-V,2,0,22,145.99,0.0,1.050288
2025-03-03,WIP-TOY-P,7,0,26,27.53,0.0,0.94931
2025-03-03,WIP-TOY-V,10,0,48,17.08,0.0,0.948889
2025-03-03,WIP-FOR-P,3,0,20,27.53,0.0,0.94931
2025-03-03,WIP-FOR-V,7,0,22,17.08,0.0,0.948889
2025-03-10,PAD-TOY-P,6,1,6,95.72,0.0,1.075506
2025-03-10,PAD-TOY-V,5,0,23,66.68,0.0,1.075484
2025-03-10,PAD-FOR-P,5,0,10,95.72,0.0,1.075506
2025-03-10,PAD-FOR-V,12,0,18,66.68,0.0,1.075484
2025-03-10,BAT-TOY-P,5,0,9,204.42,0.0,1.027236
2025-03-10,BAT-TOY-V,5,0,21,142.79,0.0,1.027266
2025-03-10,BAT-FOR-P,2,0,5,204.42,0.0,1.027236
2025-03-10,BAT-FOR-V,5,0,20,142.79,0.0,1.027266
2025-03-10,WIP-TOY-P,19,1,19,22.49,0.2,0.775517
2025-03-10,WIP-TOY-V,38,0,38,13.96,0.2,0.775556
2025-03-10,WIP-FOR-P,17,1,17,22.49,0.2,0.775517
2025-03-10,WIP-FOR-V,15,1,15,13.96,0.2,0.775556
2025-03-17,PAD-TOY-P,10,0,16,93.33,0.0,1.048652
2025-03-17,PAD-TOY-V,6,0,18,65.01,0.0,1.048548
2025-03-17,PAD-FOR-P,2,0,13,93.33,0.0,1.048652
2025-03-17,PAD-FOR-V,5,0,18,65.01,0.0,1.048548
2025-03-17,BAT-TOY-P,2,0,16,211.95,0.0,1.065075
2025-03-17,BAT-TOY-V,6,0,16,148.05,0.0,1.065108
2025-03-17,BAT-FOR-P,4,0,8,211.95,0.0,1.065075
2025-03-17,BAT-FOR-V,3,0,15,148.05,0.0,1.065108
2025-03-17,WIP-TOY-P,3,0,32,29.73,0.0,1.025172
2025-03-17,WIP-TOY-V,16,0,52,18.45,0.0,1.025
2025-03-17,WIP-FOR-P,1,0,24,29.73,0.0,1.025172
2025-03-17,WIP-FOR-V,9,0,28,18.45,0.0,1.025
2025-03-24,PAD-TOY-P,6,1,6,74.34,0.2,0.835281
2025-03-24,PAD-TOY-V,12,1,12,51.79,0.2,0.835323
2025-03-24,PAD-FOR-P,3,0,11,74.34,0.2,0.835281
2025-03-24,PAD-FOR-V,7,0,13,51.79,0.2,0.835323
2025-03-24,BAT-TOY-P,0,0,14,197.13,0.0,0.990603
2025-03-24,BAT-TOY-V,8,0,10,137.69,0.0,0.990576
2025-03-24,BAT-FOR-P,1,0,4,197.13,0.0,0.990603
2025-03-24,BAT-FOR-V,9,0,26,137.69,0.0,0.990576
2025-03-24,WIP-TOY-P,2,0,29,30.4,0.0,1.048276
2025-03-24,WIP-TOY-V,1,0,36,18.87,0.0,1.048333
2025-03-24,WIP-FOR-P,3,0,23,30.4,0.0,1.048276
2025-03-24,WIP-FOR-V,7,0,19,18.87,0.0,1.048333
2025-03-31,PAD-TOY-P,3,0,18,86.7,0.0,0.974157
2025-03-31,PAD-TOY-V,20,0,24,60.4,0.0,0.974194
2025-03-31,PAD-FOR-P,8,1,8,86.7,0.0,0.974157
2025-03-31,PAD-FOR-V,6,0,20,60.4,0.0,0.974194
2025-03-31,BAT-TOY-P,3,0,14,187.33,0.0,0.941357
2025-03-31,BAT-TOY-V,2,1,2,130.85,0.0,0.941367
2025-03-31,BAT-FOR-P,3,0,9,187.33,0.0,0.941357
2025-03-31,BAT-FOR-V,11,0,17,130.85,0.0,0.941367
2025-03-31,WIP-TOY-P,8,0,27,29.41,0.0,1.014138
2025-03-31,WIP-TOY-V,15,0,35,18.25,0.0,1.013889
2025-03-31,WIP-FOR-P,4,0,20,29.41,0.0,1.014138
2025-03-31,WIP-FOR-V,12,1,12,18.25,0.0,1.013889
2025-04-07,PAD-TOY-P,6,0,15,81.06,0.0,0.910787
2025-04-07,PAD-TOY-V,8,0,28,56.47,0.0,0.910806
2025-04-07,PAD-FOR-P,1,0,12,81.06,0.0,0.910787
2025-04-07,PAD-FOR-V,12,0,14,56.47,0.0,0.910806
2025-04-07,BAT-TOY-P,3,0,11,158.87,0.2,0.798342
2025-04-07,BAT-TOY-V,3,0,14,110.97,0.2,0.798345
2025-04-07,BAT-FOR-P,2,0,6,158.87,0.2,0.798342
2025-04-07,BAT-FOR-V,1,0,31,110.97,0.2,0.798345
2025-04-07,WIP-TOY-P,7,0,19,29.44,0.0,1.015172
2025-04-07,WIP-TOY-V,9,0,20,18.27,0.0,1.015
2025-04-07,WIP-FOR-P,10,0,16,29.44,0.0,1.015172
2025-04-07,WIP-FOR-V,5,0,24,18.27,0.0,1.015
2025-04-14,PAD-TOY-P,7,0,21,79.57,0.0,0.894045
2025-04-14,PAD-TOY-V,20,1,20,55.43,0.0,0.894032
2025-04-14,PAD-FOR-P,2,0,11,79.57,0.0,0.894045
2025-04-14,PAD-FOR-V,8,0,22,55.43,0.0,0.894032
2025-04-14,BAT-TOY-P,3,0,13,191.31,0.0,0.961357
2025-04-14,BAT-TOY-V,4,0,20,133.63,0.0,0.961367
2025-04-14,BAT-FOR-P,2,0,8,191.31,0.0,0.961357
2025-04-14,BAT-FOR-V,4,0,30,133.63,0.0,0.961367
2025-04-14,WIP-TOY-P,5,0,12,30.41,0.0,1.048621
2025-04-14,WIP-TOY-V,4,0,11,18.87,0.0,1.048333
2025-04-14,WIP-FOR-P,16,0,22,30.41,0.0,1.048621
2025-04-14,WIP-FOR-V,19,1,19,18.87,0.0,1.048333
2025-04-21,PAD-TOY-P,13,0,14,78.42,0.0,0.881124
2025-04-21,PAD-TOY-V,14,0,32,54.63,0.0,0.881129
2025-04-21,PAD-FOR-P,5,0,9,78.42,0.0,0.881124
2025-04-21,PAD-FOR-V,6,0,14,54.63,0.0,0.881129
2025-04-21,BAT-TOY-P,2,0,10,208.43,0.0,1.047387
2025-04-21,BAT-TOY-V,7,0,16,145.59,0.0,1.04741
2025-04-21,BAT-FOR-P,1,0,6,208.43,0.0,1.047387
2025-04-21,BAT-FOR-V,3,0,26,145.59,0.0,1.04741
2025-04-21,WIP-TOY-P,15,0,23,22.16,0.2,0.764138
2025-04-21,WIP-TOY-V,39,1,39,13.76,0.2,0.764444
2025-04-21,WIP-FOR-P,23,0,26,22.16,0.2,0.764138
2025-04-21,WIP-FOR-V,10,0,28,13.76,0.2,0.764444
2025-04-28,PAD-TOY-P,8,0,23,82.69,0.0,0.929101
2025-04-28,PAD-TOY-V,10,0,18,57.6,0.0,0.929032
2025-04-28,PAD-FOR-P,12,0,12,82.69,0.0,0.929101
2025-04-28,PAD-FOR-V,5,0,22,57.6,0.0,0.929032
2025-04-28,BAT-TOY-P,6,0,8,192.16,0.0,0.965628
2025-04-28,BAT-TOY-V,6,0,9,134.23,0.0,0.965683
2025-04-28,BAT-FOR-P,1,0,5,192.16,0.0,0.965628
2025-04-28,BAT-FOR-V,5,0,23,134.23,0.0,0.965683
2025-04-28,WIP-TOY-P,18,0,24,29.1,0.0,1.003448
2025-04-28,WIP-TOY-V,11,0,48,18.06,0.0,1.003333
2025-04-28,WIP-FOR-P,5,0,27,29.1,0.0,1.003448
2025-04-28,WIP-FOR-V,18,1,18,18.06,0.0,1.003333
2025-05-05,PAD-TOY-P,8,0,15,68.21,0.2,0.766404
2025-05-05,PAD-TOY-V,34,1,34,47.52,0.2,0.766452
2025-05-05,PAD-FOR-P,12,0,14,68.21,0.2,0.766404
2025-05-05,PAD-FOR-V,17,1,17,47.52,0.2,0.766452
2025-05-05,BAT-TOY-P,5,0,13,196.2,0.0,0.98593
2025-05-05,BAT-TOY-V,3,1,3,137.04,0.0,0.985899
2025-05-05,BAT-FOR-P,3,0,4,196.2,0.0,0.98593
2025-05-05,BAT-FOR-V,6,0,18,137.04,0.0,0.985899
2025-05-05,WIP-TOY-P,12,0,30,28.93,0.0,0.997586
2025-05-05,WIP-TOY-V,17,0,37,17.96,0.0,0.997778
2025-05-05,WIP-FOR-P,6,0,22,28.93,0.0,0.997586
2025-05-05,WIP-FOR-V,13,0,36,17.96,0.0,0.997778
2025-05-12,PAD-TOY-P,1,0,23,90.96,0.0,1.022022
2025-05-12,PAD-TOY-V,11,0,44,63.37,0.0,1.022097
2025-05-12,PAD-FOR-P,3,0,16,90.96,0.0,1.022022
2025-05-12,PAD-FOR-V,4,0,24,63.37,0.0,1.022097
2025-05-12,BAT-TOY-P,1,0,8,188.96,0.0,0.949548
2025-05-12,BAT-TOY-V,0,0,11,131.98,0.0,0.949496
2025-05-12,BAT-FOR-P,2,0,4,188.96,0.0,0.949548
2025-05-12,BAT-FOR-V,2,0,12,131.98,0.0,0.949496
2025-05-12,WIP-TOY-P,7,0,18,27.76,0.0,0.957241
2025-05-12,WIP-TOY-V,16,0,20,17.23,0.0,0.957222
2025-05-12,WIP-FOR-P,8,0,16,27.76,0.0,0.957241
2025-05-12,WIP-FOR-V,2,0,23,17.23,0.0,0.957222
2025-05-19,PAD-TOY-P,14,0,22,89.92,0.0,1.010337
2025-05-19,PAD-TOY-V,9,0,33,62.64,0.0,1.010323
2025-05-19,PAD-FOR-P,6,0,13,89.92,0.0,1.010337
2025-05-19,PAD-FOR-V,12,0,20,62.64,0.0,1.010323
2025-05-19,BAT-TOY-P,2,0,7,158.53,0.2,0.796633
2025-05-19,BAT-TOY-V,5,0,20,110.74,0.2,0.796691
2025-05-19,BAT-FOR-P,1,0,8,158.53,0.2,0.796633
2025-05-19,BAT-FOR-V,10,0,19,110.74,0.2,0.796691
2025-05-19,WIP-TOY-P,11,1,11,26.68,0.0,0.92
2025-05-19,WIP-TOY-V,29,0,40,16.56,0.0,0.92
2025-05-19,WIP-FOR-P,7,0,28,26.68,0.0,0.92
2025-05-19,WIP-FOR-V,13,0,21,16.56,0.0,0.92
2025-05-26,PAD-TOY-P,7,0,22,87.27,0.0,0.980562
2025-05-26,PAD-TOY-V,12,0,24,60.79,0.0,0.980484
2025-05-26,PAD-FOR-P,3,0,7,87.27,0.0,0.980562
2025-05-26,PAD-FOR-V,1,0,26,60.79,0.0,0.980484
2025-05-26,BAT-TOY-P,1,0,5,199.97,0.0,1.004874
2025-05-26,BAT-TOY-V,5,0,15,139.67,0.0,1.00482
2025-05-26,BAT-FOR-P,3,0,7,199.97,0.0,1.004874
2025-05-26,BAT-FOR-V,6,0,9,139.67,0.0,1.00482
2025-05-26,WIP-TOY-P,16,1,16,27.69,0.0,0.954828
2025-05-26,WIP-TOY-V,11,1,11,17.19,0.0,0.955
2025-05-26,WIP-FOR-P,5,0,21,27.69,0.0,0.954828
2025-05-26,WIP-FOR-V,6,0,32,17.19,0.0,0.955
2025-06-02,PAD-TOY-P,5,0,15,87.64,0.0,0.984719
2025-06-02,PAD-TOY-V,14,0,42,61.06,0.0,0.984839
2025-06-02,PAD-FOR-P,2,0,16,87.64,0.0,0.984719
2025-06-02,PAD-FOR-V,5,0,25,61.06,0.0,0.984839
2025-06-02,BAT-TOY-P,1,0,4,192.19,0.0,0.965779
2025-06-02,BAT-TOY-V,2,0,10,134.24,0.0,0.965755
2025-06-02,BAT-FOR-P,3,0,4,192.19,0.0,0.965779
2025-06-02,BAT-FOR-V,2,0,15,134.24,0.0,0.965755
2025-06-02,WIP-TOY-P,8,0,32,23.49,0.2,0.81
2025-06-02,WIP-TOY-V,30,0,40,14.58,0.2,0.81
2025-06-02,WIP-FOR-P,9,0,16,23.49,0.2,0.81
2025-06-02,WIP-FOR-V,8,0,26,14.58,0.2,0.81
2025-06-09,PAD-TOY-P,8,0,10,88.25,0.0,0.991573
2025-06-09,PAD-TOY-V,15,0,28,61.48,0.0,0.991613
2025-06-09,PAD-FOR-P,4,0,14,88.25,0.0,0.991573
2025-06-09,PAD-FOR-V,1,0,20,61.48,0.0,0.991613
2025-06-09,BAT-TOY-P,1,0,8,191.01,0.0,0.959849
2025-06-09,BAT-TOY-V,1,0,8,133.42,0.0,0.959856
2025-06-09,BAT-FOR-P,3,0,5,191.01,0.0,0.959849
2025-06-09,BAT-FOR-V,5,0,13,133.42,0.0,0.959856
2025-06-09,WIP-TOY-P,13,0,24,30.34,0.0,1.046207
2025-06-09,WIP-TOY-V,6,0,54,18.83,0.0,1.046111
2025-06-09,WIP-FOR-P,1,0,27,30.34,0.0,1.046207
2025-06-09,WIP-FOR-V,5,0,18,18.83,0.0,1.046111
2025-06-16,PAD-TOY-P,6,0,14,71.03,0.2,0.79809
2025-06-16,PAD-TOY-V,20,0,41,49.48,0.2,0.798065
2025-06-16,PAD-FOR-P,10,1,10,71.03,0.2,0.79809
2025-06-16,PAD-FOR-V,19,0,19,49.48,0.2,0.798065
2025-06-16,BAT-TOY-P,1,0,7,208.78,0.0,1.049146
2025-06-16,BAT-TOY-V,3,0,14,145.83,0.0,1.049137
2025-06-16,BAT-FOR-P,0,0,10,208.78,0.0,1.049146
2025-06-16,BAT-FOR-V,6,0,8,145.83,0.0,1.049137
2025-06-16,WIP-TOY-P,10,0,35,30.08,0.0,1.037241
2025-06-16,WIP-TOY-V,11,0,48,18.67,0.0,1.037222
2025-06-16,WIP-FOR-P,3,0,26,30.08,0.0,1.037241
2025-06-16,WIP-FOR-V,13,1,13,18.67,0.0,1.037222
2025-06-23,PAD-TOY-P,12,0,20,88.17,0.0,0.990674
2025-06-23,PAD-TOY-V,15,0,21,61.42,0.0,0.990645
2025-06-23,PAD-FOR-P,6,0,18,88.17,0.0,0.990674
2025-06-23,PAD-FOR-V,8,0,22,61.42,0.0,0.990645
2025-06-23,BAT-TOY-P,6,1,6,203.48,0.0,1.022513
2025-06-23,BAT-TOY-V,2,0,11,142.13,0.0,1.022518
2025-06-23,BAT-FOR-P,1,0,10,203.48,0.0,1.022513
2025-06-23,BAT-FOR-V,7,0,14,142.13,0.0,1.022518
2025-06-23,WIP-TOY-P,8,0,25,30.1,0.0,1.037931
2025-06-23,WIP-TOY-V,16,0,37,18.68,0.0,1.037778
2025-06-23,WIP-FOR-P,4,0,23,30.1,0.0,1.037931
2025-06-23,WIP-FOR-V,11,0,28,18.68,0.0,1.037778
2025-06-30,PAD-TOY-P,8,1,8,88.71,0.0,0.996742
2025-06-30,PAD-TOY-V,14,0,46,61.8,0.0,0.996774
2025-06-30,PAD-FOR-P,5,0,12,88.71,0.0,0.996742
2025-06-30,PAD-FOR-V,10,0,14,61.8,0.0,0.996774
2025-06-30,BAT-TOY-P,3,0,10,160.65,0.2,0.807286
2025-06-30,BAT-TOY-V,4,0,9,112.21,0.2,0.807266
2025-06-30,BAT-FOR-P,3,0,9,160.65,0.2,0.807286
2025-06-30,BAT-FOR-V,6,0,23,112.21,0.2,0.807266
2025-06-30,WIP-TOY-P,11,0,17,29.47,0.0,1.016207
2025-06-30,WIP-TOY-V,8,0,49,18.29,0.0,1.016111
2025-06-30,WIP-FOR-P,4,0,19,29.47,0.0,1.016207
2025-06-30,WIP-FOR-V,17,1,17,18.29,0.0,1.016111
2025-07-07,PAD-TOY-P,4,0,14,86.4,0.0,0.970787
2025-07-07,PAD-TOY-V,6,0,32,60.19,0.0,0.970806
2025-07-07,PAD-FOR-P,1,0,7,86.4,0.0,0.970787
2025-07-07,PAD-FOR-V,7,0,22,60.19,0.0,0.970806
2025-07-07,BAT-TOY-P,2,0,7,206.48,0.0,1.037588
2025-07-07,BAT-TOY-V,3,0,5,144.23,0.0,1.037626
2025-07-07,BAT-FOR-P,0,0,6,206.48,0.0,1.037588
2025-07-07,BAT-FOR-V,2,0,17,144.23,0.0,1.037626
2025-07-07,WIP-TOY-P,3,0,30,29.21,0.0,1.007241
2025-07-07,WIP-TOY-V,3,0,41,18.13,0.0,1.007222
2025-07-07,WIP-FOR-P,6,0,15,29.21,0.0,1.007241
2025-07-07,WIP-FOR-V,7,0,28,18.13,0.0,1.007222
2025-07-14,PAD-TOY-P,9,0,22,86.63,0.0,0.973371
2025-07-14,PAD-TOY-V,16,0,26,60.35,0.0,0.973387
2025-07-14,PAD-FOR-P,1,0,14,86.63,0.0,0.973371
2025-07-14,PAD-FOR-V,9,0,15,60.35,0.0,0.973387
2025-07-14,BAT-TOY-P,5,1,5,210.84,0.0,1.059497
2025-07-14,BAT-TOY-V,2,0,9,147.27,0.0,1.059496
2025-07-14,BAT-FOR-P,3,0,6,210.84,0.0,1.059497
2025-07-14,BAT-FOR-V,5,0,15,147.27,0.0,1.059496
2025-07-14,WIP-TOY-P,3,0,27,23.33,0.2,0.804483
2025-07-14,WIP-TOY-V,20,0,38,14.48,0.2,0.804444
2025-07-14,WIP-FOR-P,8,0,9,23.33,0.2,0.804483
2025-07-14,WIP-FOR-V,17,0,21,14.48,0.2,0.804444
2025-07-21,PAD-TOY-P,3,0,13,88.02,0.0,0.988989
2025-07-21,PAD-TOY-V,10,0,10,61.31,0.0,0.988871
2025-07-21,PAD-FOR-P,3,0,13,88.02,0.0,0.988989
2025-07-21,PAD-FOR-V,6,0,22,61.31,0.0,0.988871
2025-07-21,BAT-TOY-P,3,0,5,197.45,0.0,0.992211
2025-07-21,BAT-TOY-V,7,1,7,137.92,0.0,0.99223
2025-07-21,BAT-FOR-P,3,1,3,197.45,0.0,0.992211
2025-07-21,BAT-FOR-V,5,0,10,137.92,0.0,0.99223
2025-07-21,WIP-TOY-P,8,0,24,29.27,0.0,1.00931
2025-07-21,WIP-TOY-V,4,0,18,18.17,0.0,1.009444
2025-07-21,WIP-FOR-P,0,0,17,29.27,0.0,1.00931
2025-07-21,WIP-FOR-V,6,0,32,18.17,0.0,1.009444
2025-07-28,PAD-TOY-P,10,1,10,69.97,0.2,0.78618
2025-07-28,PAD-TOY-V,8,0,28,48.74,0.2,0.786129
2025-07-28,PAD-FOR-P,10,1,10,69.97,0.2,0.78618
2025-07-28,PAD-FOR-V,16,1,16,48.74,0.2,0.786129
2025-07-28,BAT-TOY-P,1,0,2,204.26,0.0,1.026432
2025-07-28,BAT-TOY-V,5,1,5,142.67,0.0,1.026403
2025-07-28,BAT-FOR-P,1,0,5,204.26,0.0,1.026432
2025-07-28,BAT-FOR-V,6,0,15,142.67,0.0,1.026403
2025-07-28,WIP-TOY-P,4,0,16,30.13,0.0,1.038966
2025-07-28,WIP-TOY-V,14,0,34,18.7,0.0,1.038889
2025-07-28,WIP-FOR-P,5,0,17,30.13,0.0,1.038966
2025-07-28,WIP-FOR-V,5,0,26,18.7,0.0,1.038889
2025-08-04,PAD-TOY-P,0,0,22,87.7,0.0,0.985393
2025-08-04,PAD-TOY-V,15,0,20,61.09,0.0,0.985323
2025-08-04,PAD-FOR-P,3,0,14,87.7,0.0,0.985393
2025-08-04,PAD-FOR-V,3,0,28,61.09,0.0,0.985323
2025-08-04,BAT-TOY-P,5,0,11,207.29,0.0,1.041658
2025-08-04,BAT-TOY-V,7,0,8,144.79,0.0,1.041655
2025-08-04,BAT-FOR-P,2,0,7,207.29,0.0,1.041658
2025-08-04,BAT-FOR-V,2,0,9,144.79,0.0,1.041655
2025-08-04,WIP-TOY-P,6,0,12,29.97,0.0,1.033448
2025-08-04,WIP-TOY-V,6,0,20,18.6,0.0,1.033333
2025-08-04,WIP-FOR-P,6,0,12,29.97,0.0,1.033448
2025-08-04,WIP-FOR-V,10,0,21,18.6,0.0,1.033333
2025-08-11,PAD-TOY-P,10,0,22,87.73,0.0,0.98573
2025-08-11,PAD-TOY-V,10,0,37,61.11,0.0,0.985645
2025-08-11,PAD-FOR-P,4,0,11,87.73,0.0,0.98573
2025-08-11,PAD-FOR-V,7,0,25,61.11,0.0,0.985645
2025-08-11,BAT-TOY-P,6,1,6,158.97,0.2,0.798844
2025-08-11,BAT-TOY-V,8,1,8,111.04,0.2,0.798849
2025-08-11,BAT-FOR-P,1,0,5,158.97,0.2,0.798844
2025-08-11,BAT-FOR-V,4,0,19,111.04,0.2,0.798849
2025-08-11,WIP-TOY-P,3,0,18,30.38,0.0,1.047586
2025-08-11,WIP-TOY-V,7,0,14,18.86,0.0,1.047778
2025-08-11,WIP-FOR-P,5,0,14,30.38,0.0,1.047586
2025-08-11,WIP-FOR-V,2,0,31,18.86,0.0,1.047778
2025-08-18,PAD-TOY-P,10,0,12,87.93,0.0,0.987978
2025-08-18,PAD-TOY-V,3,0,27,61.26,0.0,0.988065
2025-08-18,PAD-FOR-P,7,1,7,87.93,0.0,0.987978
2025-08-18,PAD-FOR-V,7,0,18,61.26,0.0,0.988065
2025-08-18,BAT-TOY-P,4,0,7,192.3,0.0,0.966332
2025-08-18,BAT-TOY-V,9,0,9,134.32,0.0,0.966331
2025-08-18,BAT-FOR-P,4,1,4,192.3,0.0,0.966332
2025-08-18,BAT-FOR-V,7,0,15,134.32,0.0,0.966331
2025-08-18,WIP-TOY-P,2,0,15,27.26,0.0,0.94
2025-08-18,WIP-TOY-V,6,0,27,16.92,0.0,0.94
2025-08-18,WIP-FOR-P,3,0,9,27.26,0.0,0.94
2025-08-18,WIP-FOR-V,13,0,29,16.92,0.0,0.94
2025-08-25,PAD-TOY-P,3,0,20,86.46,0.0,0.971461
2025-08-25,PAD-TOY-V,5,0,24,60.23,0.0,0.971452
2025-08-25,PAD-FOR-P,0,0,14,86.46,0.0,0.971461
2025-08-25,PAD-FOR-V,10,0,11,60.23,0.0,0.971452
2025-08-25,BAT-TOY-P,2,0,12,202.75,0.0,1.018844
2025-08-25,BAT-TOY-V,6,0,11,141.62,0.0,1.018849
2025-08-25,BAT-FOR-P,0,1,0,202.75,0.0,1.018844
2025-08-25,BAT-FOR-V,5,0,19,141.62,0.0,1.018849
2025-08-25,WIP-TOY-P,10,0,13,22.78,0.2,0.785517
2025-08-25,WIP-TOY-V,11,0,21,14.14,0.2,0.785556
2025-08-25,WIP-FOR-P,9,0,14,22.78,0.2,0.785517
2025-08-25,WIP-FOR-V,10,0,16,14.14,0.2,0.785556
2025-09-01,PAD-TOY-P,2,0,17,96.49,0.0,1.084157
2025-09-01,PAD-TOY-V,14,0,19,67.22,0.0,1.084194
2025-09-01,PAD-FOR-P,3,0,14,96.49,0.0,1.084157
2025-09-01,PAD-FOR-V,23,0,23,67.22,0.0,1.084194
2025-09-01,BAT-TOY-P,3,0,10,215.46,0.0,1.082714
2025-09-01,BAT-TOY-V,0,0,5,150.49,0.0,1.082662
2025-09-01,BAT-FOR-P,4,0,6,215.46,0.0,1.082714
2025-09-01,BAT-FOR-V,3,0,14,150.49,0.0,1.082662
2025-09-01,WIP-TOY-P,0,0,15,29.17,0.0,1.005862
2025-09-01,WIP-TOY-V,4,0,26,18.1,0.0,1.005556
2025-09-01,WIP-FOR-P,3,0,17,29.17,0.0,1.005862
2025-09-01,WIP-FOR-V,4,0,26,18.1,0.0,1.005556
2025-09-08,PAD-TOY-P,15,1,15,77.61,0.2,0.872022
2025-09-08,PAD-TOY-V,12,0,29,54.07,0.2,0.872097
2025-09-08,PAD-FOR-P,11,1,11,77.61,0.2,0.872022
2025-09-08,PAD-FOR-V,16,0,30,54.07,0.2,0.872097
2025-09-08,BAT-TOY-P,2,0,15,201.4,0.0,1.01206
2025-09-08,BAT-TOY-V,3,0,5,140.67,0.0,1.012014
2025-09-08,BAT-FOR-P,1,0,6,201.4,0.0,1.01206
2025-09-08,BAT-FOR-V,4,0,19,140.67,0.0,1.012014
2025-09-08,WIP-TOY-P,7,0,15,31.16,0.0,1.074483
2025-09-08,WIP-TOY-V,15,0,22,19.34,0.0,1.074444
2025-09-08,WIP-FOR-P,4,0,14,31.16,0.0,1.074483
2025-09-08,WIP-FOR-V,8,0,22,19.34,0.0,1.074444
2025-09-15,PAD-TOY-P,4,0,18,96.52,0.0,1.084494
2025-09-15,PAD-TOY-V,4,0,17,67.24,0.0,1.084516
2025-09-15,PAD-FOR-P,3,0,16,96.52,0.0,1.084494
2025-09-15,PAD-FOR-V,2,0,32,67.24,0.0,1.084516
2025-09-15,BAT-TOY-P,3,0,13,195.43,0.0,0.98206
2025-09-15,BAT-TOY-V,8,0,14,136.51,0.0,0.982086
2025-09-15,BAT-FOR-P,1,0,9,195.43,0.0,0.98206
2025-09-15,BAT-FOR-V,1,0,15,136.51,0.0,0.982086
2025-09-15,WIP-TOY-P,8,0,8,29.11,0.0,1.003793
2025-09-15,WIP-TOY-V,13,0,27,18.07,0.0,1.003889
2025-09-15,WIP-FOR-P,1,0,10,29.11,0.0,1.003793
2025-09-15,WIP-FOR-V,3,0,14,18.07,0.0,1.003889
2025-09-22,PAD-TOY-P,14,0,14,90.79,0.0,1.020112
2025-09-22,PAD-TOY-V,7,0,13,63.25,0.0,1.020161
2025-09-22,PAD-FOR-P,10,0,13,90.79,0.0,1.020112
2025-09-22,PAD-FOR-V,10,0,30,63.25,0.0,1.020161
2025-09-22,BAT-TOY-P,2,0,10,155.71,0.2,0.782462
2025-09-22,BAT-TOY-V,7,0,15,108.76,0.2,0.782446
2025-09-22,BAT-FOR-P,7,0,8,155.71,0.2,0.782462
2025-09-22,BAT-FOR-V,2,0,14,108.76,0.2,0.782446
2025-09-22,WIP-TOY-P,4,0,16,30.01,0.0,1.034828
2025-09-22,WIP-TOY-V,14,1,14,18.62,0.0,1.034444
2025-09-22,WIP-FOR-P,9,1,9,30.01,0.0,1.034828
2025-09-22,WIP-FOR-V,11,1,11,18.62,0.0,1.034444
2025-09-29,PAD-TOY-P,9,0,20,90.11,0.0,1.012472
2025-09-29,PAD-TOY-V,6,1,6,62.78,0.0,1.012581
2025-09-29,PAD-FOR-P,2,0,15,90.11,0.0,1.012472
2025-09-29,PAD-FOR-V,10,0,20,62.78,0.0,1.012581
2025-09-29,BAT-TOY-P,3,0,8,194.88,0.0,0.979296
2025-09-29,BAT-TOY-V,3,0,8,136.12,0.0,0.979281
2025-09-29,BAT-FOR-P,1,0,1,194.88,0.0,0.979296
2025-09-29,BAT-FOR-V,3,0,12,136.12,0.0,0.979281
2025-09-29,WIP-TOY-P,3,0,12,30.08,0.0,1.037241
2025-09-29,WIP-TOY-V,0,1,0,18.67,0.0,1.037222
2025-09-29,WIP-FOR-P,2,0,16,30.08,0.0,1.037241
2025-09-29,WIP-FOR-V,6,0,24,18.67,0.0,1.037222
2025-10-06,PAD-TOY-P,5,0,25,90.05,0.0,1.011798
2025-10-06,PAD-TOY-V,4,0,20,62.73,0.0,1.011774
2025-10-06,PAD-FOR-P,1,0,13,90.05,0.0,1.011798
2025-10-06,PAD-FOR-V,1,0,30,62.73,0.0,1.011774
2025-10-06,BAT-TOY-P,4,0,12,197.24,0.0,0.991156
2025-10-06,BAT-TOY-V,3,0,21,137.77,0.0,0.991151
2025-10-06,BAT-FOR-P,0,1,0,197.24,0.0,0.991156
2025-10-06,BAT-FOR-V,5,0,9,137.77,0.0,0.991151
2025-10-06,WIP-TOY-P,7,0,9,23.42,0.2,0.807586
2025-10-06,WIP-TOY-V,28,1,28,14.53,0.2,0.807222
2025-10-06,WIP-FOR-P,12,0,14,23.42,0.2,0.807586
2025-10-06,WIP-FOR-V,11,0,18,14.53,0.2,0.807222
2025-10-13,PAD-TOY-P,1,0,20,92.53,0.0,1.039663
2025-10-13,PAD-TOY-V,7,0,16,64.46,0.0,1.039677
2025-10-13,PAD-FOR-P,4,0,12,92.53,0.0,1.039663
2025-10-13,PAD-FOR-V,10,0,29,64.46,0.0,1.039677
2025-10-13,BAT-TOY-P,1,0,8,190.82,0.0,0.958894
2025-10-13,BAT-TOY-V,3,0,18,133.29,0.0,0.958921
2025-10-13,BAT-FOR-P,5,0,9,190.82,0.0,0.958894
2025-10-13,BAT-FOR-V,4,1,4,133.29,0.0,0.958921
2025-10-13,WIP-TOY-P,10,0,18,29.25,0.0,1.008621
2025-10-13,WIP-TOY-V,0,1,0,18.16,0.0,1.008889
2025-10-13,WIP-FOR-P,14,0,18,29.25,0.0,1.008621
2025-10-13,WIP-FOR-V,14,0,23,18.16,0.0,1.008889
2025-10-20,PAD-TOY-P,12,0,19,70.03,0.2,0.786854
2025-10-20,PAD-TOY-V,8,0,21,48.78,0.2,0.786774
2025-10-20,PAD-FOR-P,6,0,8,70.03,0.2,0.786854
2025-10-20,PAD-FOR-V,19,1,19,48.78,0.2,0.786774
2025-10-20,BAT-TOY-P,0,0,7,186.97,0.0,0.939548
2025-10-20,BAT-TOY-V,4,0,15,130.6,0.0,0.939568
2025-10-20,BAT-FOR-P,3,0,4,186.97,0.0,0.939548
2025-10-20,BAT-FOR-V,0,1,0,130.6,0.0,0.939568
2025-10-20,WIP-TOY-P,19,0,20,27.71,0.0,0.955517
2025-10-20,WIP-TOY-V,18,0,32,17.2,0.0,0.955556
2025-10-20,WIP-FOR-P,8,0,20,27.71,0.0,0.955517
2025-10-20,WIP-FOR-V,22,0,25,17.2,0.0,0.955556
2025-10-27,PAD-TOY-P,2,0,23,91.11,0.0,1.023708
2025-10-27,PAD-TOY-V,13,1,13,63.47,0.0,1.02371
2025-10-27,PAD-FOR-P,7,0,14,91.11,0.0,1.023708
2025-10-27,PAD-FOR-V,13,0,32,63.47,0.0,1.02371
2025-10-27,BAT-TOY-P,1,0,7,192.18,0.0,0.965729
2025-10-27,BAT-TOY-V,4,0,11,134.24,0.0,0.965755
2025-10-27,BAT-FOR-P,1,0,7,192.18,0.0,0.965729
2025-10-27,BAT-FOR-V,0,1,0,134.24,0.0,0.965755
2025-10-27,WIP-TOY-P,9,0,21,28.24,0.0,0.973793
2025-10-27,WIP-TOY-V,17,0,34,17.53,0.0,0.973889
2025-10-27,WIP-FOR-P,2,0,12,28.24,0.0,0.973793
2025-10-27,WIP-FOR-V,13,0,27,17.53,0.0,0.973889
2025-11-03,PAD-TOY-P,7,0,21,99.43,0.0,1.117191
2025-11-03,PAD-TOY-V,10,0,22,69.26,0.0,1.117097
2025-11-03,PAD-FOR-P,8,0,17,99.43,0.0,1.117191
2025-11-03,PAD-FOR-V,6,0,19,69.26,0.0,1.117097
2025-11-03,BAT-TOY-P,5,0,6,157.43,0.2,0.791106
2025-11-03,BAT-TOY-V,4,0,7,109.96,0.2,0.791079
2025-11-03,BAT-FOR-P,1,0,6,157.43,0.2,0.791106
2025-11-03,BAT-FOR-V,4,0,15,109.96,0.2,0.791079
2025-11-03,WIP-TOY-P,1,0,12,28.62,0.0,0.986897
2025-11-03,WIP-TOY-V,15,0,17,17.76,0.0,0.986667
2025-11-03,WIP-FOR-P,2,0,10,28.62,0.0,0.986897
2025-11-03,WIP-FOR-V,13,0,34,17.76,0.0,0.986667
2025-11-10,PAD-TOY-P,2,0,14,98.38,0.0,1.105393
2025-11-10,PAD-TOY-V,12,1,12,68.53,0.0,1.105323
2025-11-10,PAD-FOR-P,1,0,9,98.38,0.0,1.105393
2025-11-10,PAD-FOR-V,5,0,13,68.53,0.0,1.105323
2025-11-10,BAT-TOY-P,1,1,1,193.28,0.0,0.971256
2025-11-10,BAT-TOY-V,3,1,3,135.0,0.0,0.971223
2025-11-10,BAT-FOR-P,3,0,10,193.28,0.0,0.971256
2025-11-10,BAT-FOR-V,9,0,11,135.0,0.0,0.971223
2025-11-10,WIP-TOY-P,4,0,11,27.62,0.0,0.952414
2025-11-10,WIP-TOY-V,10,0,38,17.14,0.0,0.952222
2025-11-10,WIP-FOR-P,5,0,20,27.62,0.0,0.952414
2025-11-10,WIP-FOR-V,17,0,21,17.14,0.0,0.952222
2025-11-17,PAD-TOY-P,1,0,12,93.88,0.0,1.054831
2025-11-17,PAD-TOY-V,4,0,24,65.4,0.0,1.054839
2025-11-17,PAD-FOR-P,4,0,8,93.88,0.0,1.054831
2025-11-17,PAD-FOR-V,3,0,26,65.4,0.0,1.054839
2025-11-17,BAT-TOY-P,1,0,9,194.15,0.0,0.975628
2025-11-17,BAT-TOY-V,4,0,11,135.61,0.0,0.975612
2025-11-17,BAT-FOR-P,1,0,7,194.15,0.0,0.975628
2025-11-17,BAT-FOR-V,1,0,2,135.61,0.0,0.975612
2025-11-17,WIP-TOY-P,3,0,23,21.86,0.2,0.753793
2025-11-17,WIP-TOY-V,18,0,28,13.57,0.2,0.753889
2025-11-17,WIP-FOR-P,15,0,15,21.86,0.2,0.753793
2025-11-17,WIP-FOR-V,15,0,40,13.57,0.2,0.753889
2025-11-24,PAD-TOY-P,9,0,11,89.81,0.0,1.009101
2025-11-24,PAD-TOY-V,9,0,20,62.56,0.0,1.009032
2025-11-24,PAD-FOR-P,2,0,12,89.81,0.0,1.009101
2025-11-24,PAD-FOR-V,6,0,23,62.56,0.0,1.009032
2025-11-24,BAT-TOY-P,1,0,8,192.7,0.0,0.968342
2025-11-24,BAT-TOY-V,7,0,7,134.6,0.0,0.968345
2025-11-24,BAT-FOR-P,3,0,10,192.7,0.0,0.968342
2025-11-24,BAT-FOR-V,1,1,1,134.6,0.0,0.968345
2025-11-24,WIP-TOY-P,11,0,20,27.7,0.0,0.955172
2025-11-24,WIP-TOY-V,2,0,38,17.19,0.0,0.955
2025-11-24,WIP-FOR-P,3,0,24,27.7,0.0,0.955172
2025-11-24,WIP-FOR-V,7,0,25,17.19,0.0,0.955
2025-12-01,PAD-TOY-P,14,0,14,69.47,0.2,0.780562
2025-12-01,PAD-TOY-V,25,1,25,48.39,0.2,0.780484
2025-12-01,PAD-FOR-P,6,0,10,69.47,0.2,0.780562
2025-12-01,PAD-FOR-V,14,0,17,48.39,0.2,0.780484
2025-12-01,BAT-TOY-P,3,0,7,196.51,0.0,0.987487
2025-12-01,BAT-TOY-V,4,0,8,137.26,0.0,0.987482
2025-12-01,BAT-FOR-P,2,0,7,196.51,0.0,0.987487
2025-12-01,BAT-FOR-V,11,0,13,137.26,0.0,0.987482
2025-12-01,WIP-TOY-P,6,0,25,28.56,0.0,0.984828
2025-12-01,WIP-TOY-V,4,0,36,17.73,0.0,0.985
2025-12-01,WIP-FOR-P,1,0,21,28.56,0.0,0.984828
2025-12-01,WIP-FOR-V,6,0,18,17.73,0.0,0.985
2025-12-08,PAD-TOY-P,7,0,18,84.16,0.0,0.945618
2025-12-08,PAD-TOY-V,19,0,32,58.63,0.0,0.945645
2025-12-08,PAD-FOR-P,5,0,14,84.16,0.0,0.945618
2025-12-08,PAD-FOR-V,3,0,27,58.63,0.0,0.945645
2025-12-08,BAT-TOY-P,4,1,4,208.55,0.0,1.04799
2025-12-08,BAT-TOY-V,7,0,12,145.67,0.0,1.047986
2025-12-08,BAT-FOR-P,0,0,5,208.55,0.0,1.04799
2025-12-08,BAT-FOR-V,2,1,2,145.67,0.0,1.047986
2025-12-08,WIP-TOY-P,4,0,19,28.81,0.0,0.993448
2025-12-08,WIP-TOY-V,11,0,32,17.88,0.0,0.993333
2025-12-08,WIP-FOR-P,9,0,20,28.81,0.0,0.993448
2025-12-08,WIP-FOR-V,7,0,40,17.88,0.0,0.993333
2025-12-15,PAD-TOY-P,6,0,11,85.7,0.0,0.962921
2025-12-15,PAD-TOY-V,10,0,35,59.7,0.0,0.962903
2025-12-15,PAD-FOR-P,3,0,9,85.7,0.0,0.962921
2025-12-15,PAD-FOR-V,6,0,24,59.7,0.0,0.962903
2025-12-15,BAT-TOY-P,3,1,3,165.69,0.2,0.832613
2025-12-15,BAT-TOY-V,5,1,5,115.73,0.2,0.83259
2025-12-15,BAT-FOR-P,7,0,10,165.69,0.2,0.832613
2025-12-15,BAT-FOR-V,2,0,13,115.73,0.2,0.83259
2025-12-15,WIP-TOY-P,5,0,15,27.56,0.0,0.950345
2025-12-15,WIP-TOY-V,7,0,21,17.11,0.0,0.950556
2025-12-15,WIP-FOR-P,2,0,11,27.56,0.0,0.950345
2025-12-15,WIP-FOR-V,12,0,33,17.11,0.0,0.950556
2025-12-22,PAD-TOY-P,5,0,17,87.28,0.0,0.980674
2025-12-22,PAD-TOY-V,10,0,25,60.8,0.0,0.980645
2025-12-22,PAD-FOR-P,0,0,14,87.28,0.0,0.980674
2025-12-22,PAD-FOR-V,2,0,18,60.8,0.0,0.980645
2025-12-22,BAT-TOY-P,2,0,5,201.03,0.0,1.010201
2025-12-22,BAT-TOY-V,0,1,0,140.42,0.0,1.010216
2025-12-22,BAT-FOR-P,3,0,10,201.03,0.0,1.010201
2025-12-22,BAT-FOR-V,2,0,11,140.42,0.0,1.010216
2025-12-22,WIP-TOY-P,2,0,10,27.98,0.0,0.964828
2025-12-22,WIP-TOY-V,14,1,14,17.37,0.0,0.965
2025-12-22,WIP-FOR-P,5,0,9,27.98,0.0,0.964828
2025-12-22,WIP-FOR-V,7,0,21,17.37,0.0,0.965
