time,item,placed,arrived,qty,lead_time,factor
2023-01-09,PAD-FOR-P,1,2,20,1.468671,1.468671
2023-01-09,WIP-TOY-P,1,2,32,0.669674,0.669674
2023-01-16,PAD-TOY-V,2,3,32,1.139103,1.139103
2023-01-16,PAD-FOR-V,2,3,26,1.010209,1.010209
2023-01-16,WIP-FOR-V,2,3,20,0.888558,0.888558
2023-01-23,PAD-TOY-P,3,4,8,1.173784,1.173784
2023-01-23,PAD-TOY-V,3,4,36,0.870609,0.870609
2023-01-23,BAT-FOR-P,2,4,12,2.446927,1.223464
2023-01-23,BAT-FOR-V,3,4,10,0.812094,0.406047
2023-01-23,WIP-FOR-P,3,4,12,0.559683,0.559683
2023-01-30,BAT-TOY-P,2,5,5,3.179736,1.589868
2023-01-30,BAT-TOY-V,3,5,9,1.956619,0.97831
2023-01-30,WIP-TOY-V,4,5,16,1.016364,1.016364
2023-02-06,PAD-TOY-P,5,6,10,1.031927,1.031927
2023-02-06,BAT-TOY-P,3,6,14,2.936975,1.468488
2023-02-06,BAT-TOY-V,4,6,9,1.884247,0.942124
2023-02-13,PAD-FOR-V,6,7,22,1.185887,1.185887
2023-02-13,WIP-TOY-V,6,7,28,1.304942,1.304942
2023-02-13,WIP-FOR-P,6,7,12,0.950826,0.950826
2023-02-20,PAD-TOY-P,7,8,16,0.934551,0.934551
2023-02-20,BAT-TOY-P,6,8,6,2.025228,1.012614
2023-02-20,BAT-FOR-P,6,8,5,1.796894,0.898447
2023-02-20,WIP-TOY-V,7,8,36,0.815983,0.815983
2023-02-20,WIP-FOR-P,7,8,20,1.178628,1.178628
2023-02-20,WIP-FOR-V,7,8,20,0.773763,0.773763
2023-02-27,PAD-TOY-V,8,9,32,0.767857,0.767857
2023-02-27,BAT-TOY-V,7,9,13,1.662021,0.831011
2023-02-27,BAT-FOR-V,7,9,5,2.087337,1.043668
2023-03-06,BAT-FOR-P,8,10,5,1.629158,0.814579
2023-03-06,BAT-FOR-V,8,10,6,1.75619,0.878095
2023-03-06,WIP-TOY-V,9,10,20,1.26354,1.26354
2023-03-06,WIP-FOR-V,9,10,12,0.973113,0.973113
2023-03-13,PAD-TOY-P,10,11,12,0.826801,0.826801
2023-03-13,PAD-TOY-V,9,11,44,1.737748,1.737748
2023-03-13,PAD-FOR-V,10,11,16,1.032376,1.032376
2023-03-13,BAT-TOY-P,9,11,7,1.783168,0.891584
2023-03-13,BAT-TOY-V,9,11,9,2.352054,1.176027
2023-03-13,BAT-FOR-V,10,11,8,1.309154,0.654577
2023-03-20,PAD-TOY-P,11,12,10,0.919806,0.919806
2023-03-20,PAD-FOR-P,11,12,8,0.901469,0.901469
2023-03-20,PAD-FOR-V,11,12,14,0.861512,0.861512
2023-03-20,BAT-FOR-V,11,12,8,1.020215,0.510107
2023-03-20,WIP-TOY-P,11,12,12,1.02708,1.02708
2023-03-20,WIP-TOY-V,11,12,32,0.982535,0.982535
2023-03-20,WIP-FOR-P,10,12,20,1.607934,1.607934
2023-03-20,WIP-FOR-V,11,12,12,1.380212,1.380212
2023-03-27,PAD-TOY-V,12,13,20,0.568518,0.568518
2023-03-27,BAT-TOY-P,11,13,6,2.455111,1.227556
2023-03-27,BAT-TOY-V,12,13,13,1.452257,0.726129
2023-03-27,WIP-FOR-P,12,13,12,0.963841,0.963841
2023-03-27,WIP-FOR-V,12,13,16,0.695133,0.695133
2023-04-03,PAD-FOR-V,13,14,22,0.701495,0.701495
2023-04-03,BAT-FOR-P,11,14,7,2.737781,1.368891
2023-04-03,WIP-TOY-P,13,14,12,1.360896,1.360896
2023-04-03,WIP-TOY-V,13,14,32,1.445769,1.445769
2023-04-03,WIP-FOR-P,13,14,12,1.372351,1.372351
2023-04-03,WIP-FOR-V,13,14,16,0.367537,0.367537
2023-04-10,PAD-TOY-P,14,15,12,0.966938,0.966938
2023-04-10,PAD-FOR-P,14,15,6,0.942997,0.942997
2023-04-10,BAT-TOY-V,13,15,12,2.010186,1.005093
2023-04-10,BAT-FOR-V,13,15,9,1.537371,0.768686
2023-04-10,WIP-TOY-P,14,15,16,0.897171,0.897171
2023-04-10,WIP-FOR-V,14,15,20,1.066536,1.066536
2023-04-17,PAD-TOY-V,15,16,34,1.044949,1.044949
2023-04-17,PAD-FOR-V,15,16,20,1.202615,1.202615
2023-04-17,BAT-FOR-P,14,16,4,1.542015,0.771008
2023-04-17,WIP-TOY-P,15,16,20,1.406446,1.406446
2023-04-17,WIP-TOY-V,15,16,20,0.52154,0.52154
2023-04-24,PAD-FOR-P,16,17,4,0.800751,0.800751
2023-04-24,BAT-FOR-V,15,17,8,2.347843,1.173922
2023-04-24,WIP-FOR-P,16,17,12,0.850857,0.850857
2023-04-24,WIP-FOR-V,16,17,24,1.021108,1.021108
2023-05-01,PAD-TOY-P,17,18,10,0.887839,0.887839
2023-05-01,PAD-TOY-V,17,18,16,1.480552,1.480552
2023-05-01,PAD-FOR-V,17,18,14,0.901501,0.901501
2023-05-01,BAT-TOY-P,15,18,4,2.623285,1.311643
2023-05-01,BAT-TOY-P,17,18,4,1.379335,0.689667
2023-05-01,BAT-TOY-V,15,18,9,2.919965,1.459983
2023-05-01,BAT-TOY-V,17,18,10,1.460961,0.73048
2023-05-01,BAT-FOR-P,16,18,4,1.548893,0.774446
2023-05-01,WIP-TOY-P,16,18,20,1.50507,1.50507
2023-05-01,WIP-TOY-V,17,18,40,1.352852,1.352852
2023-05-01,WIP-FOR-P,17,18,16,1.073833,1.073833
2023-05-01,WIP-FOR-V,17,18,20,0.541161,0.541161
2023-05-08,PAD-TOY-V,18,19,22,0.45381,0.45381
2023-05-08,PAD-FOR-P,18,19,4,1.129395,1.129395
2023-05-08,BAT-FOR-V,17,19,20,1.689096,0.844548
2023-05-08,WIP-FOR-V,18,19,24,0.973726,0.973726
2023-05-15,WIP-TOY-P,18,20,20,1.628383,1.628383
2023-05-15,WIP-TOY-V,19,20,40,1.061018,1.061018
2023-05-22,PAD-FOR-P,20,21,8,1.191158,1.191158
2023-05-22,PAD-FOR-V,19,21,20,1.510224,1.510224
2023-05-22,WIP-FOR-P,20,21,12,0.828865,0.828865
2023-05-22,WIP-FOR-V,20,21,24,1.037145,1.037145
2023-05-29,PAD-TOY-P,21,22,12,1.237718,1.237718
2023-05-29,PAD-FOR-V,21,22,20,0.510967,0.510967
2023-05-29,BAT-FOR-P,20,22,4,1.857841,0.928921
2023-05-29,WIP-TOY-P,21,22,20,1.152413,1.152413
2023-06-05,PAD-TOY-V,21,23,36,1.563953,1.563953
2023-06-05,BAT-TOY-P,20,23,7,2.657351,1.328675
2023-06-05,WIP-TOY-V,22,23,24,1.270174,1.270174
2023-06-12,PAD-TOY-P,23,24,14,0.770885,0.770885
2023-06-12,PAD-FOR-V,23,24,14,0.868653,0.868653
2023-06-12,WIP-FOR-P,23,24,12,1.118923,1.118923
2023-06-12,WIP-FOR-V,23,24,24,0.84843,0.84843
2023-06-19,PAD-FOR-P,23,25,8,2.044962,2.044962
2023-06-19,BAT-TOY-P,23,25,7,2.471068,1.235534
2023-06-19,BAT-TOY-V,22,25,9,3.421956,1.710978
2023-06-19,BAT-FOR-V,22,25,6,2.620321,1.31016
2023-06-19,WIP-TOY-V,24,25,24,1.322386,1.322386
2023-06-26,PAD-TOY-P,25,26,10,1.105507,1.105507
2023-06-26,PAD-FOR-P,25,26,6,0.886997,0.886997
2023-06-26,PAD-FOR-V,25,26,26,1.06517,1.06517
2023-06-26,BAT-FOR-P,23,26,7,3.215943,1.607972
2023-06-26,WIP-TOY-P,25,26,16,0.574461,0.574461
2023-06-26,WIP-FOR-P,25,26,12,0.827362,0.827362
2023-07-03,PAD-TOY-V,26,27,14,1.237519,1.237519
2023-07-03,BAT-TOY-V,23,27,7,4.160597,2.080298
2023-07-03,BAT-TOY-V,25,27,6,2.144764,1.072382
2023-07-03,BAT-FOR-P,26,27,3,1.423503,0.711751
2023-07-03,BAT-FOR-V,25,27,10,2.289713,1.144857
2023-07-03,WIP-TOY-V,25,27,24,1.80508,1.80508
2023-07-03,WIP-FOR-V,26,27,20,0.648965,0.648965
2023-07-10,PAD-TOY-P,27,28,16,1.189703,1.189703
2023-07-10,PAD-TOY-V,27,28,24,1.138741,1.138741
2023-07-10,PAD-FOR-P,27,28,8,1.035843,1.035843
2023-07-10,PAD-FOR-V,27,28,28,1.424312,1.424312
2023-07-10,BAT-TOY-P,26,28,6,1.904971,0.952486
2023-07-10,BAT-TOY-V,27,28,11,1.182899,0.59145
2023-07-10,WIP-TOY-P,27,28,12,0.741862,0.741862
2023-07-17,BAT-FOR-V,27,29,11,1.998364,0.999182
2023-07-17,WIP-FOR-P,28,29,12,0.745716,0.745716
2023-07-17,WIP-FOR-V,28,29,24,0.742306,0.742306
2023-07-24,PAD-TOY-P,29,30,14,1.246912,1.246912
2023-07-24,PAD-TOY-V,29,30,26,1.239432,1.239432
2023-07-24,PAD-FOR-P,29,30,8,1.338363,1.338363
2023-07-24,BAT-TOY-P,28,30,7,2.301383,1.150691
2023-07-24,BAT-FOR-P,29,30,5,1.259788,0.629894
2023-07-24,WIP-TOY-P,29,30,12,1.299695,1.299695
2023-07-24,WIP-TOY-V,28,30,32,1.798367,1.798367
2023-07-31,PAD-TOY-V,30,31,20,0.599176,0.599176
2023-07-31,PAD-FOR-V,30,31,18,0.814686,0.814686
2023-07-31,BAT-TOY-P,30,31,8,1.451709,0.725855
2023-07-31,BAT-FOR-V,29,31,8,2.327998,1.163999
2023-08-07,BAT-TOY-V,29,32,9,2.884014,1.442007
2023-08-07,WIP-TOY-P,31,32,24,0.756706,0.756706
2023-08-07,WIP-TOY-V,31,32,40,1.409245,1.409245
2023-08-07,WIP-FOR-V,31,32,28,1.3314,1.3314
2023-08-14,PAD-TOY-P,32,33,14,0.585512,0.585512
2023-08-14,PAD-FOR-P,31,33,12,1.702016,1.702016
2023-08-14,PAD-FOR-V,32,33,18,0.721711,0.721711
2023-08-14,BAT-FOR-P,31,33,3,2.314876,1.157438
2023-08-14,WIP-FOR-P,32,33,16,0.783146,0.783146
2023-08-21,PAD-TOY-V,33,34,34,0.807991,0.807991
2023-08-21,BAT-TOY-P,32,34,9,1.832276,0.916138
2023-08-21,BAT-TOY-V,31,34,8,3.315188,1.657594
2023-08-21,BAT-FOR-P,32,34,3,1.654727,0.827364
2023-08-28,PAD-TOY-P,34,35,10,1.177396,1.177396
2023-08-28,PAD-FOR-V,34,35,14,0.992197,0.992197
2023-08-28,BAT-FOR-V,32,35,8,2.638397,1.319198
2023-09-04,BAT-TOY-V,34,36,11,2.380387,1.190194
2023-09-04,BAT-FOR-P,33,36,6,3.184214,1.592107
2023-09-04,BAT-FOR-V,34,36,7,2.162195,1.081098
2023-09-04,WIP-TOY-P,35,36,20,0.749981,0.749981
2023-09-04,WIP-FOR-P,35,36,8,0.951396,0.951396
2023-09-04,WIP-FOR-V,35,36,16,0.830551,0.830551
2023-09-11,PAD-TOY-P,36,37,14,0.939874,0.939874
2023-09-11,PAD-FOR-P,36,37,8,0.766686,0.766686
2023-09-11,PAD-FOR-V,36,37,20,0.711225,0.711225
2023-09-11,BAT-TOY-P,35,37,10,2.160452,1.080226
2023-09-11,BAT-TOY-V,35,37,7,2.36008,1.18004
2023-09-11,BAT-TOY-V,36,37,9,1.379214,0.689607
2023-09-11,BAT-FOR-P,35,37,4,1.901044,0.950522
2023-09-11,WIP-FOR-P,36,37,12,1.131472,1.131472
2023-09-18,PAD-TOY-P,37,38,10,1.1128,1.1128
2023-09-18,WIP-TOY-P,37,38,24,0.934935,0.934935
2023-09-18,WIP-TOY-V,37,38,28,0.973219,0.973219
2023-09-18,WIP-FOR-P,37,38,12,1.030169,1.030169
2023-09-18,WIP-FOR-V,37,38,28,0.63631,0.63631
2023-09-25,PAD-TOY-V,37,39,26,1.775713,1.775713
2023-09-25,PAD-FOR-P,38,39,6,1.058498,1.058498
2023-10-02,PAD-TOY-P,39,40,20,0.958317,0.958317
2023-10-02,PAD-TOY-V,39,40,32,1.02372,1.02372
2023-10-02,PAD-FOR-P,39,40,10,1.013331,1.013331
2023-10-02,PAD-FOR-V,39,40,22,0.814134,0.814134
2023-10-02,BAT-TOY-V,38,40,15,1.806544,0.903272
2023-10-02,BAT-FOR-P,37,40,8,3.375685,1.687843
2023-10-02,BAT-FOR-V,38,40,7,2.38764,1.19382
2023-10-02,WIP-TOY-V,39,40,20,1.332297,1.332297
2023-10-09,BAT-TOY-P,39,41,4,2.114484,1.057242
2023-10-09,WIP-FOR-P,39,41,12,1.640601,1.640601
2023-10-09,WIP-FOR-V,40,41,24,0.977272,0.977272
2023-10-16,PAD-TOY-V,41,42,32,1.356405,1.356405
2023-10-16,BAT-TOY-P,40,42,8,2.299484,1.149742
2023-10-16,BAT-TOY-V,40,42,18,1.795019,0.89751
2023-10-16,WIP-TOY-P,41,42,16,0.753058,0.753058
2023-10-16,WIP-FOR-V,41,42,20,1.489094,1.489094
2023-10-23,PAD-FOR-V,42,43,20,1.000037,1.000037
2023-10-23,BAT-TOY-V,42,43,12,1.369334,0.684667
2023-10-23,BAT-FOR-P,41,43,5,2.389737,1.194868
2023-10-23,WIP-TOY-P,42,43,28,1.140717,1.140717
2023-10-23,WIP-TOY-V,41,43,28,1.87986,1.87986
2023-10-23,WIP-FOR-P,42,43,20,1.35971,1.35971
2023-10-30,PAD-TOY-P,43,44,14,0.933037,0.933037
2023-10-30,PAD-TOY-V,43,44,28,0.84146,0.84146
2023-10-30,PAD-FOR-P,43,44,12,0.830307,0.830307
2023-10-30,BAT-FOR-V,41,44,5,2.933264,1.466632
2023-10-30,WIP-FOR-V,43,44,28,1.129367,1.129367
2023-11-06,BAT-FOR-V,43,45,6,1.659903,0.829951
2023-11-06,BAT-FOR-V,44,45,5,1.28424,0.64212
2023-11-06,WIP-TOY-V,43,45,36,1.552486,1.552486
2023-11-06,WIP-FOR-P,44,45,20,1.119054,1.119054
2023-11-13,PAD-TOY-V,44,46,24,1.563946,1.563946
2023-11-13,PAD-FOR-P,45,46,14,1.168795,1.168795
2023-11-13,PAD-FOR-V,45,46,22,0.766244,0.766244
2023-11-13,BAT-TOY-P,44,46,6,1.988312,0.994156
2023-11-13,BAT-TOY-V,45,46,11,1.315901,0.657951
2023-11-20,PAD-FOR-V,46,47,16,0.604653,0.604653
2023-11-20,BAT-TOY-P,45,47,6,2.18712,1.09356
2023-11-20,WIP-TOY-P,46,47,16,0.679481,0.679481
2023-11-20,WIP-TOY-V,46,47,32,0.845579,0.845579
2023-11-27,PAD-TOY-P,47,48,6,1.002718,1.002718
2023-11-27,PAD-TOY-V,47,48,32,1.108799,1.108799
2023-11-27,PAD-FOR-P,47,48,12,1.015046,1.015046
2023-11-27,BAT-FOR-V,46,48,14,1.552786,0.776393
2023-11-27,WIP-FOR-V,47,48,20,1.065574,1.065574
2023-12-04,PAD-TOY-P,48,49,14,1.190288,1.190288
2023-12-04,PAD-FOR-P,48,49,12,1.444062,1.444062
2023-12-04,PAD-FOR-V,48,49,20,0.840446,0.840446
2023-12-04,WIP-FOR-P,48,49,16,0.602117,0.602117
2023-12-11,PAD-TOY-P,49,50,10,0.851979,0.851979
2023-12-11,BAT-TOY-P,48,50,6,2.004234,1.002117
2023-12-11,BAT-FOR-P,47,50,5,2.914393,1.457196
2023-12-11,WIP-TOY-V,49,50,36,1.163986,1.163986
2023-12-11,WIP-FOR-V,49,50,24,0.893312,0.893312
2023-12-18,PAD-TOY-V,50,51,24,1.348718,1.348718
2023-12-18,PAD-FOR-P,50,51,14,1.161715,1.161715
2023-12-18,BAT-TOY-P,50,51,9,1.278764,0.639382
2023-12-18,BAT-TOY-V,49,51,19,2.237086,1.118543
2023-12-18,BAT-FOR-P,50,51,8,1.119183,0.559591
2023-12-25,PAD-TOY-P,51,52,16,0.985583,0.985583
2023-12-25,PAD-TOY-V,51,52,24,1.416196,1.416196
2023-12-25,PAD-FOR-V,51,52,26,0.741568,0.741568
2023-12-25,BAT-TOY-V,51,52,8,1.193983,0.596991
2023-12-25,BAT-FOR-V,49,52,9,3.384276,1.692138
2023-12-25,BAT-FOR-V,51,52,6,1.363875,0.681938
2023-12-25,WIP-TOY-P,51,52,12,1.351361,1.351361
2023-12-25,WIP-TOY-V,51,52,32,1.072244,1.072244
2024-01-01,PAD-FOR-V,52,53,24,1.131248,1.131248
2024-01-01,BAT-TOY-P,52,53,7,1.349502,0.674751
2024-01-01,WIP-TOY-P,52,53,12,1.155825,1.155825
2024-01-01,WIP-FOR-V,52,53,16,0.800819,0.800819
2024-01-08,PAD-TOY-P,53,54,12,0.781536,0.781536
2024-01-08,BAT-FOR-P,51,54,6,2.646518,1.323259
2024-01-08,WIP-TOY-V,53,54,28,1.228307,1.228307
2024-01-15,PAD-FOR-P,54,55,14,0.876593,0.876593
2024-01-15,BAT-TOY-P,53,55,10,2.472245,1.236123
2024-01-15,BAT-TOY-V,53,55,9,2.311327,1.155664
2024-01-15,BAT-FOR-V,53,55,13,2.202362,1.101181
2024-01-15,WIP-TOY-P,54,55,12,1.206234,1.206234
2024-01-15,WIP-FOR-V,53,55,16,1.90565,1.90565
2024-01-22,PAD-TOY-P,55,56,12,0.603539,0.603539
2024-01-22,BAT-TOY-P,54,56,8,2.082599,1.0413
2024-01-22,BAT-FOR-P,52,56,4,3.530948,1.765474
2024-01-22,WIP-TOY-P,55,56,12,0.841697,0.841697
2024-01-22,WIP-TOY-V,55,56,36,0.584526,0.584526
2024-01-22,WIP-FOR-P,55,56,12,0.479087,0.479087
2024-01-22,WIP-FOR-V,55,56,20,1.05002,1.05002
2024-01-29,PAD-FOR-V,56,57,14,1.362844,1.362844
2024-01-29,BAT-TOY-V,55,57,13,2.390443,1.195221
2024-01-29,BAT-FOR-P,55,57,4,2.307305,1.153652
2024-02-05,PAD-TOY-V,57,58,24,0.883629,0.883629
2024-02-05,PAD-FOR-P,57,58,14,0.961356,0.961356
2024-02-05,PAD-FOR-V,57,58,20,1.192657,1.192657
2024-02-05,BAT-TOY-P,55,58,8,2.709928,1.354964
2024-02-05,BAT-FOR-V,55,58,17,2.804085,1.402043
2024-02-05,WIP-TOY-P,57,58,16,0.672034,0.672034
2024-02-05,WIP-FOR-P,57,58,8,1.370296,1.370296
2024-02-12,PAD-TOY-P,58,59,14,0.939781,0.939781
2024-02-12,PAD-TOY-V,58,59,18,0.820332,0.820332
2024-02-12,BAT-TOY-P,58,59,7,1.454509,0.727255
2024-02-12,WIP-TOY-V,58,59,24,0.977761,0.977761
2024-02-12,WIP-FOR-P,58,59,8,1.305145,1.305145
2024-02-12,WIP-FOR-V,58,59,20,0.728411,0.728411
2024-02-19,PAD-FOR-P,59,60,14,0.643635,0.643635
2024-02-19,BAT-FOR-P,57,60,8,2.645745,1.322872
2024-02-19,BAT-FOR-V,58,60,9,1.521688,0.760844
2024-02-26,PAD-TOY-P,60,61,14,0.896283,0.896283
2024-02-26,PAD-FOR-V,60,61,24,0.758282,0.758282
2024-02-26,BAT-TOY-V,59,61,16,2.412927,1.206464
2024-02-26,WIP-TOY-P,60,61,16,1.405639,1.405639
2024-03-04,PAD-FOR-P,61,62,10,0.746845,0.746845
2024-03-04,BAT-TOY-P,60,62,12,2.382915,1.191458
2024-03-04,BAT-FOR-V,59,62,13,2.5255,1.26275
2024-03-04,WIP-TOY-V,61,62,28,0.95703,0.95703
2024-03-04,WIP-FOR-P,61,62,16,1.095483,1.095483
2024-03-04,WIP-FOR-V,61,62,24,1.066093,1.066093
2024-03-11,PAD-TOY-P,62,63,14,0.755672,0.755672
2024-03-11,PAD-TOY-V,62,63,24,0.895972,0.895972
2024-03-11,BAT-FOR-P,61,63,7,1.512776,0.756388
2024-03-11,BAT-FOR-V,61,63,10,1.9068,0.9534
2024-03-11,WIP-TOY-P,62,63,12,1.38491,1.38491
2024-03-11,WIP-FOR-V,62,63,16,1.059289,1.059289
2024-03-18,PAD-TOY-P,63,64,12,1.272991,1.272991
2024-03-18,PAD-TOY-V,63,64,30,0.609666,0.609666
2024-03-18,PAD-FOR-P,63,64,10,1.13112,1.13112
2024-03-18,PAD-FOR-V,63,64,16,0.834802,0.834802
2024-03-18,WIP-TOY-P,63,64,16,1.378554,1.378554
2024-03-25,BAT-TOY-P,63,65,6,1.602674,0.801337
2024-03-25,BAT-TOY-V,63,65,6,2.015738,1.007869
2024-03-25,WIP-FOR-V,64,65,16,1.189659,1.189659
2024-04-01,PAD-TOY-V,65,66,24,1.490831,1.490831
2024-04-01,PAD-FOR-P,65,66,10,1.255439,1.255439
2024-04-01,BAT-TOY-P,65,66,8,0.960879,0.48044
2024-04-01,WIP-TOY-P,65,66,20,1.118805,1.118805
2024-04-01,WIP-TOY-V,65,66,28,1.15764,1.15764
2024-04-01,WIP-FOR-P,65,66,16,0.861335,0.861335
2024-04-08,PAD-TOY-P,66,67,12,1.014133,1.014133
2024-04-08,PAD-FOR-V,66,67,14,1.311132,1.311132
2024-04-08,BAT-TOY-V,64,67,10,3.327755,1.663877
2024-04-08,BAT-FOR-P,65,67,9,2.324008,1.162004
2024-04-08,WIP-FOR-V,66,67,32,0.932575,0.932575
2024-04-15,PAD-TOY-V,67,68,34,1.143964,1.143964
2024-04-15,BAT-TOY-V,65,68,12,3.129251,1.564626
2024-04-15,WIP-TOY-P,67,68,28,1.09467,1.09467
2024-04-15,WIP-TOY-V,67,68,32,1.290024,1.290024
2024-04-15,WIP-FOR-P,67,68,16,0.642078,0.642078
2024-04-22,PAD-TOY-P,68,69,14,1.099785,1.099785
2024-04-22,PAD-FOR-P,67,69,10,1.724493,1.724493
2024-04-22,PAD-FOR-V,68,69,16,0.990912,0.990912
2024-04-22,WIP-TOY-P,68,69,16,0.823964,0.823964
2024-04-22,WIP-TOY-V,68,69,20,1.120752,1.120752
2024-04-22,WIP-FOR-V,68,69,32,0.732455,0.732455
2024-04-29,PAD-TOY-P,69,70,12,1.33735,1.33735
2024-04-29,PAD-TOY-V,69,70,30,1.21729,1.21729
2024-04-29,PAD-FOR-P,69,70,16,0.894411,0.894411
2024-04-29,BAT-FOR-P,67,70,4,2.829029,1.414515
2024-05-06,PAD-FOR-V,70,71,14,0.894137,0.894137
2024-05-06,BAT-FOR-V,67,71,6,3.598896,1.799448
2024-05-06,BAT-FOR-V,69,71,5,1.564384,0.782192
2024-05-06,WIP-FOR-P,70,71,16,1.133204,1.133204
2024-05-06,WIP-FOR-V,70,71,24,0.744547,0.744547
2024-05-13,PAD-TOY-P,71,72,20,1.197707,1.197707
2024-05-13,BAT-TOY-V,69,72,11,3.003792,1.501896
2024-05-13,WIP-TOY-P,71,72,32,1.035527,1.035527
2024-05-13,WIP-TOY-V,71,72,28,0.973119,0.973119
2024-05-20,PAD-TOY-P,72,73,16,1.384554,1.384554
2024-05-20,PAD-TOY-V,72,73,36,1.266262,1.266262
2024-05-20,PAD-FOR-V,72,73,14,1.197452,1.197452
2024-05-20,BAT-TOY-P,70,73,4,3.176797,1.588398
2024-05-20,BAT-TOY-P,71,73,5,2.448211,1.224106
2024-05-20,BAT-TOY-V,71,73,8,2.129506,1.064753
2024-05-20,WIP-FOR-P,72,73,12,1.124383,1.124383
2024-05-27,PAD-TOY-V,73,74,28,1.18284,1.18284
2024-05-27,BAT-FOR-P,72,74,8,1.846966,0.923483
2024-05-27,BAT-FOR-V,71,74,6,2.896878,1.448439
2024-05-27,BAT-FOR-V,72,74,6,2.099418,1.049709
2024-05-27,WIP-FOR-P,73,74,20,1.398811,1.398811
2024-06-03,PAD-TOY-P,74,75,16,0.934248,0.934248
2024-06-03,PAD-FOR-P,74,75,10,0.812757,0.812757
2024-06-03,PAD-FOR-V,74,75,14,1.002391,1.002391
2024-06-03,BAT-TOY-P,74,75,7,1.330651,0.665325
2024-06-03,WIP-TOY-V,74,75,20,1.391636,1.391636
2024-06-03,WIP-FOR-V,74,75,16,0.868073,0.868073
2024-06-10,PAD-FOR-V,75,76,24,0.861477,0.861477
2024-06-10,BAT-TOY-V,74,76,7,1.710789,0.855395
2024-06-10,BAT-FOR-V,74,76,6,2.075485,1.037742
2024-06-17,PAD-TOY-V,75,77,22,1.592126,1.592126
2024-06-17,BAT-TOY-V,75,77,11,2.266483,1.133242
2024-06-17,BAT-FOR-V,76,77,8,1.310708,0.655354
2024-06-17,WIP-TOY-V,76,77,20,1.048121,1.048121
2024-06-17,WIP-FOR-V,76,77,24,0.699381,0.699381
2024-06-24,PAD-FOR-P,77,78,6,1.369684,1.369684
2024-06-24,PAD-FOR-V,77,78,22,0.671005,0.671005
2024-06-24,BAT-FOR-P,77,78,4,1.479141,0.73957
2024-07-01,PAD-TOY-P,78,79,16,0.933473,0.933473
2024-07-01,PAD-FOR-P,78,79,6,0.89447,0.89447
2024-07-01,WIP-TOY-P,78,79,12,0.812969,0.812969
2024-07-01,WIP-TOY-V,78,79,20,0.89751,0.89751
2024-07-01,WIP-FOR-V,78,79,16,0.735305,0.735305
2024-07-08,PAD-FOR-P,79,80,6,0.814796,0.814796
2024-07-08,PAD-FOR-V,79,80,22,0.524239,0.524239
2024-07-08,BAT-TOY-V,77,80,12,2.573625,1.286813
2024-07-08,BAT-FOR-P,76,80,6,4.015268,2.007634
2024-07-08,BAT-FOR-V,78,80,13,1.815677,0.907838
2024-07-08,WIP-TOY-P,79,80,12,1.065495,1.065495
2024-07-08,WIP-TOY-V,79,80,20,1.020342,1.020342
2024-07-08,WIP-FOR-P,79,80,12,0.586983,0.586983
2024-07-15,PAD-TOY-V,79,81,22,1.509154,1.509154
2024-07-15,BAT-TOY-V,79,81,7,2.170941,1.08547
2024-07-15,BAT-TOY-V,80,81,13,1.216833,0.608417
2024-07-22,PAD-FOR-P,81,82,14,1.050106,1.050106
2024-07-22,PAD-FOR-V,81,82,18,0.605183,0.605183
2024-07-22,BAT-TOY-P,79,82,6,2.680071,1.340036
2024-07-22,BAT-TOY-V,81,82,25,1.400307,0.700154
2024-07-29,BAT-FOR-P,80,83,9,2.891804,1.445902
2024-07-29,BAT-FOR-V,82,83,8,1.204161,0.60208
2024-07-29,WIP-TOY-V,82,83,20,0.978437,0.978437
2024-07-29,WIP-FOR-V,82,83,12,0.807054,0.807054
2024-08-05,PAD-TOY-P,83,84,10,0.926827,0.926827
2024-08-05,BAT-TOY-P,82,84,5,2.118454,1.059227
2024-08-05,BAT-FOR-P,83,84,4,1.494657,0.747328
2024-08-05,BAT-FOR-V,81,84,8,2.926631,1.463316
2024-08-05,WIP-TOY-P,83,84,16,0.854677,0.854677
2024-08-12,PAD-TOY-V,84,85,20,1.082686,1.082686
2024-08-12,PAD-FOR-P,83,85,10,1.53126,1.53126
2024-08-12,PAD-FOR-V,84,85,26,0.953085,0.953085
2024-08-19,PAD-TOY-P,85,86,10,1.058953,1.058953
2024-08-19,PAD-TOY-V,85,86,12,0.935033,0.935033
2024-08-19,BAT-TOY-P,84,86,7,1.927576,0.963788
2024-08-19,BAT-TOY-V,83,86,32,3.220499,1.610249
2024-08-19,BAT-FOR-V,83,86,12,2.666951,1.333476
2024-08-19,BAT-FOR-V,84,86,9,1.72362,0.86181
2024-08-19,WIP-TOY-P,85,86,12,0.834213,0.834213
2024-08-19,WIP-TOY-V,85,86,20,1.159644,1.159644
2024-08-19,WIP-FOR-P,85,86,12,0.458631,0.458631
2024-08-19,WIP-FOR-V,85,86,20,0.833154,0.833154
2024-08-26,PAD-TOY-V,86,87,12,1.483844,1.483844
2024-08-26,PAD-FOR-P,86,87,8,0.891312,0.891312
2024-08-26,PAD-FOR-V,86,87,16,0.81637,0.81637
2024-08-26,BAT-TOY-P,83,87,3,3.6454,1.8227
2024-09-02,PAD-TOY-P,86,88,16,1.732178,1.732178
2024-09-02,PAD-TOY-V,87,88,26,0.886663,0.886663
2024-09-02,PAD-FOR-V,87,88,18,0.715701,0.715701
2024-09-02,BAT-FOR-P,87,88,3,1.269253,0.634626
2024-09-02,WIP-FOR-P,87,88,8,0.764367,0.764367
2024-09-09,BAT-FOR-V,87,89,18,1.511726,0.755863
2024-09-09,WIP-TOY-V,88,89,24,0.927617,0.927617
2024-09-09,WIP-FOR-P,88,89,12,0.849976,0.849976
2024-09-09,WIP-FOR-V,88,89,20,0.634809,0.634809
2024-09-16,PAD-TOY-V,89,90,28,0.882624,0.882624
2024-09-16,PAD-FOR-P,89,90,8,1.131563,1.131563
2024-09-16,BAT-TOY-P,88,90,7,1.819591,0.909795
2024-09-16,BAT-FOR-P,88,90,6,2.284234,1.142117
2024-09-16,BAT-FOR-V,89,90,9,1.441446,0.720723
2024-09-16,WIP-TOY-P,89,90,16,1.116468,1.116468
2024-09-16,WIP-TOY-V,89,90,24,0.630451,0.630451
2024-09-23,PAD-TOY-P,90,91,10,0.743642,0.743642
2024-09-23,PAD-TOY-V,90,91,24,1.059025,1.059025
2024-09-23,WIP-TOY-V,90,91,36,1.096825,1.096825
2024-09-23,WIP-FOR-P,90,91,8,1.307747,1.307747
2024-09-30,PAD-TOY-P,91,92,10,0.985052,0.985052
2024-09-30,PAD-FOR-P,91,92,10,1.111265,1.111265
2024-09-30,PAD-FOR-V,91,92,26,0.964456,0.964456
2024-09-30,BAT-TOY-P,90,92,12,2.055099,1.02755
2024-09-30,BAT-FOR-P,90,92,5,1.958021,0.97901
2024-09-30,BAT-FOR-P,91,92,5,1.114744,0.557372
2024-09-30,WIP-TOY-P,91,92,16,0.867202,0.867202
2024-09-30,WIP-FOR-P,91,92,20,1.170932,1.170932
2024-09-30,WIP-FOR-V,91,92,24,0.772258,0.772258
2024-10-07,PAD-TOY-V,92,93,26,0.873464,0.873464
2024-10-07,PAD-FOR-V,92,93,16,0.648032,0.648032
2024-10-07,BAT-FOR-P,92,93,8,1.471075,0.735537
2024-10-07,WIP-TOY-V,92,93,36,1.268345,1.268345
2024-10-14,PAD-TOY-V,93,94,30,0.912033,0.912033
2024-10-14,PAD-FOR-P,93,94,14,0.602132,0.602132
2024-10-14,PAD-FOR-V,93,94,28,0.982236,0.982236
2024-10-14,BAT-TOY-V,91,94,6,3.46464,1.73232
2024-10-14,BAT-TOY-V,92,94,10,1.735003,0.867501
2024-10-14,WIP-TOY-P,93,94,20,0.912557,0.912557
2024-10-14,WIP-FOR-P,93,94,20,1.365045,1.365045
2024-10-14,WIP-FOR-V,93,94,12,1.420637,1.420637
2024-10-21,PAD-TOY-P,93,95,18,1.844023,1.844023
2024-10-21,BAT-FOR-V,93,95,8,2.311475,1.155737
2024-10-28,BAT-TOY-V,95,96,23,1.235121,0.61756
2024-10-28,BAT-FOR-P,94,96,8,1.931052,0.965526
2024-10-28,BAT-FOR-P,95,96,7,1.35211,0.676055
2024-10-28,WIP-TOY-P,95,96,20,0.9399,0.9399
2024-10-28,WIP-TOY-V,95,96,32,0.955355,0.955355
2024-10-28,WIP-FOR-P,95,96,20,1.093965,1.093965
2024-10-28,WIP-FOR-V,95,96,16,0.854242,0.854242
2024-11-04,PAD-FOR-P,95,97,10,1.515435,1.515435
2024-11-04,PAD-FOR-V,96,97,30,0.899345,0.899345
2024-11-04,BAT-TOY-P,95,97,12,1.917614,0.958807
2024-11-04,WIP-FOR-V,96,97,16,0.900028,0.900028
2024-11-11,PAD-TOY-P,97,98,18,0.779599,0.779599
2024-11-11,BAT-FOR-P,96,98,6,2.299469,1.149735
2024-11-11,WIP-TOY-P,97,98,12,1.397853,1.397853
2024-11-11,WIP-TOY-V,97,98,28,1.236266,1.236266
2024-11-18,PAD-TOY-P,98,99,16,0.486802,0.486802
2024-11-18,BAT-FOR-P,97,99,7,1.682393,0.841196
2024-11-18,BAT-FOR-V,97,99,5,2.420201,1.210101
2024-11-18,WIP-FOR-P,98,99,20,0.724303,0.724303
2024-11-18,WIP-FOR-V,97,99,16,1.69339,1.69339
2024-11-25,PAD-TOY-P,99,100,18,1.233404,1.233404
2024-11-25,PAD-TOY-V,99,100,22,1.276313,1.276313
2024-11-25,BAT-FOR-V,98,100,11,1.658943,0.829472
2024-12-02,PAD-FOR-V,99,101,34,1.687287,1.687287
2024-12-02,BAT-TOY-P,99,101,8,1.935499,0.96775
2024-12-02,WIP-TOY-P,100,101,16,1.265288,1.265288
2024-12-02,WIP-TOY-V,100,101,28,0.706547,0.706547
2024-12-09,PAD-TOY-P,101,102,14,1.066711,1.066711
2024-12-09,PAD-FOR-P,101,102,6,1.190502,1.190502
2024-12-09,BAT-FOR-V,100,102,10,2.239227,1.119614
2024-12-09,WIP-FOR-V,100,102,20,1.755499,1.755499
2024-12-16,PAD-TOY-V,102,103,18,0.973064,0.973064
2024-12-16,BAT-TOY-P,101,103,9,1.652479,0.826239
2024-12-16,BAT-TOY-V,101,103,9,1.99663,0.998315
2024-12-16,BAT-FOR-V,101,103,8,2.051464,1.025732
2024-12-16,WIP-TOY-V,102,103,24,1.286592,1.286592
2024-12-16,WIP-FOR-P,102,103,20,1.138159,1.138159
2024-12-16,WIP-FOR-V,102,103,20,0.771959,0.771959
2024-12-23,PAD-FOR-V,103,104,24,1.292693,1.292693
2024-12-23,WIP-TOY-P,103,104,20,0.868675,0.868675
2024-12-23,WIP-TOY-V,103,104,24,1.088864,1.088864
2024-12-30,PAD-TOY-P,104,105,16,0.840561,0.840561
2024-12-30,PAD-TOY-V,104,105,16,0.998254,0.998254
2024-12-30,PAD-FOR-P,104,105,6,1.271929,1.271929
2024-12-30,BAT-TOY-P,102,105,6,2.646418,1.323209
2024-12-30,BAT-TOY-P,104,105,9,1.422651,0.711326
2024-12-30,BAT-FOR-V,103,105,7,1.996907,0.998453
2025-01-06,PAD-FOR-P,105,106,8,0.756739,0.756739
2025-01-06,BAT-TOY-V,104,106,13,2.274454,1.137227
2025-01-06,BAT-FOR-P,104,106,4,1.784894,0.892447
2025-01-06,WIP-TOY-V,105,106,28,0.799869,0.799869
2025-01-06,WIP-FOR-P,104,106,12,1.642194,1.642194
2025-01-13,PAD-TOY-V,106,107,20,0.807608,0.807608
2025-01-13,PAD-FOR-P,106,107,8,1.051994,1.051994
2025-01-13,BAT-FOR-V,105,107,11,1.904769,0.952384
2025-01-13,WIP-TOY-P,106,107,20,0.770097,0.770097
2025-01-13,WIP-FOR-V,106,107,16,0.882151,0.882151
2025-01-20,PAD-TOY-P,107,108,16,0.979444,0.979444
2025-01-20,PAD-FOR-V,107,108,12,1.135439,1.135439
2025-01-20,BAT-TOY-V,106,108,16,1.801631,0.900815
2025-01-20,BAT-FOR-P,106,108,6,1.858217,0.929109
2025-01-20,WIP-TOY-V,107,108,36,0.991807,0.991807
2025-01-27,BAT-FOR-V,106,109,8,2.719087,1.359543
2025-01-27,WIP-TOY-P,108,109,12,1.248539,1.248539
2025-01-27,WIP-FOR-P,108,109,12,1.197118,1.197118
2025-01-27,WIP-FOR-V,108,109,24,0.825492,0.825492
2025-02-03,PAD-TOY-P,109,110,14,1.311316,1.311316
2025-02-03,PAD-TOY-V,109,110,16,0.920154,0.920154
2025-02-03,PAD-FOR-P,109,110,12,1.182625,1.182625
2025-02-03,BAT-TOY-P,108,110,5,1.619701,0.809851
2025-02-03,WIP-TOY-P,109,110,16,1.031469,1.031469
2025-02-03,WIP-TOY-V,109,110,48,1.012417,1.012417
2025-02-10,PAD-TOY-V,110,111,12,0.90514,0.90514
2025-02-10,BAT-TOY-P,109,111,6,1.940734,0.970367
2025-02-10,BAT-TOY-V,109,111,22,1.746339,0.873169
2025-02-10,BAT-FOR-V,109,111,23,2.497616,1.248808
2025-02-10,WIP-TOY-P,110,111,24,0.918075,0.918075
2025-02-10,WIP-FOR-P,109,111,12,2.071111,2.071111
2025-02-10,WIP-FOR-V,110,111,24,0.92129,0.92129
2025-02-17,PAD-TOY-P,111,112,16,0.881533,0.881533
2025-02-17,PAD-FOR-V,110,112,14,1.603435,1.603435
2025-02-17,BAT-FOR-P,109,112,9,2.7575,1.37875
2025-02-17,BAT-FOR-V,111,112,17,1.045047,0.522524
2025-02-17,WIP-TOY-V,111,112,28,1.073006,1.073006
2025-02-17,WIP-FOR-P,111,112,12,1.237412,1.237412
2025-02-24,PAD-TOY-V,112,113,16,1.02138,1.02138
2025-02-24,PAD-FOR-P,111,113,8,1.536108,1.536108
2025-02-24,PAD-FOR-V,112,113,8,1.010303,1.010303
2025-02-24,WIP-TOY-P,112,113,20,0.966381,0.966381
2025-02-24,WIP-FOR-V,112,113,16,0.723166,0.723166
2025-03-03,PAD-TOY-P,113,114,10,0.931359,0.931359
2025-03-03,PAD-FOR-P,113,114,10,0.868107,0.868107
2025-03-03,BAT-TOY-P,112,114,4,1.748008,0.874004
2025-03-03,BAT-TOY-V,112,114,14,1.575569,0.787784
2025-03-03,BAT-FOR-V,112,114,14,1.852727,0.926363
2025-03-03,WIP-TOY-V,113,114,28,0.828851,0.828851
2025-03-03,WIP-FOR-P,113,114,20,0.886444,0.886444
2025-03-10,PAD-TOY-V,114,115,20,0.694768,0.694768
2025-03-10,PAD-FOR-V,114,115,18,1.250537,1.250537
2025-03-10,BAT-TOY-P,113,115,9,1.623627,0.811814
2025-03-10,BAT-TOY-V,113,115,10,1.581598,0.790799
2025-03-17,PAD-TOY-P,114,116,16,1.535804,1.535804
2025-03-17,PAD-FOR-P,115,116,8,0.514262,0.514262
2025-03-17,PAD-FOR-V,115,116,12,0.736189,0.736189
2025-03-17,BAT-TOY-P,114,116,6,1.585935,0.792968
2025-03-17,BAT-TOY-P,115,116,6,1.389675,0.694838
2025-03-17,BAT-FOR-P,113,116,5,2.955109,1.477555
2025-03-17,WIP-TOY-P,115,116,32,1.212532,1.212532
2025-03-17,WIP-TOY-V,115,116,52,1.371698,1.371698
2025-03-17,WIP-FOR-P,115,116,24,1.470492,1.470492
2025-03-17,WIP-FOR-V,115,116,28,0.932073,0.932073
2025-03-24,BAT-FOR-V,115,117,14,1.523707,0.761854
2025-03-31,PAD-TOY-P,116,118,18,2.170331,2.170331
2025-03-31,PAD-TOY-V,117,118,24,1.296429,1.296429
2025-03-31,PAD-FOR-V,117,118,14,0.471427,0.471427
2025-03-31,BAT-FOR-P,116,118,6,2.366167,1.183084
2025-04-07,PAD-TOY-V,118,119,24,0.836524,0.836524
2025-04-07,PAD-FOR-P,118,119,12,1.088335,1.088335
2025-04-07,BAT-TOY-V,116,119,14,2.749881,1.374941
2025-04-07,BAT-FOR-V,118,119,25,1.155344,0.577672
2025-04-07,WIP-FOR-V,118,119,24,1.474169,1.474169
2025-04-14,PAD-TOY-P,119,120,12,0.823595,0.823595
2025-04-14,PAD-FOR-V,119,120,20,1.363171,1.363171
2025-04-14,BAT-TOY-P,119,120,5,1.380811,0.690405
2025-04-14,BAT-TOY-V,118,120,9,1.739742,0.869871
2025-04-14,BAT-FOR-P,119,120,4,1.279186,0.639593
2025-04-14,WIP-FOR-P,119,120,16,0.819488,0.819488
2025-04-21,PAD-TOY-V,120,121,32,1.404781,1.404781
2025-04-21,WIP-TOY-P,120,121,16,0.890049,0.890049
2025-04-21,WIP-TOY-V,119,121,32,1.525368,1.525368
2025-04-21,WIP-FOR-P,120,121,20,1.07501,1.07501
2025-04-21,WIP-FOR-V,120,121,28,1.151263,1.151263
2025-04-28,PAD-TOY-P,121,122,22,0.931221,0.931221
2025-04-28,PAD-FOR-P,121,122,8,0.819418,0.819418
2025-04-28,PAD-FOR-V,121,122,14,0.701879,0.701879
2025-04-28,WIP-TOY-P,121,122,16,1.171129,1.171129
2025-04-28,WIP-TOY-V,121,122,48,1.452171,1.452171
2025-04-28,WIP-FOR-P,121,122,24,0.696958,0.696958
2025-05-05,PAD-TOY-V,122,123,26,1.407589,1.407589
2025-05-05,PAD-FOR-P,122,123,14,0.771745,0.771745
2025-05-05,BAT-TOY-P,122,123,11,1.23673,0.618365
2025-05-05,WIP-TOY-P,122,123,24,1.424921,1.424921
2025-05-05,WIP-FOR-V,122,123,36,0.736236,0.736236
2025-05-12,PAD-TOY-P,123,124,16,1.085597,1.085597
2025-05-12,PAD-TOY-V,123,124,44,0.811984,0.811984
2025-05-12,PAD-FOR-P,123,124,14,1.388975,1.388975
2025-05-12,PAD-FOR-V,123,124,24,1.002601,1.002601
2025-05-12,BAT-TOY-V,121,124,11,3.346328,1.673164
2025-05-12,BAT-FOR-P,121,124,3,2.936481,1.46824
2025-05-19,BAT-TOY-V,123,125,9,2.247911,1.123956
2025-05-19,BAT-FOR-P,123,125,6,1.971569,0.985785
2025-05-19,BAT-FOR-V,123,125,9,2.184178,1.092089
2025-05-19,WIP-TOY-V,124,125,36,0.827112,0.827112
2025-05-19,WIP-FOR-P,124,125,20,1.342882,1.342882
2025-05-26,PAD-TOY-P,125,126,14,0.89697,0.89697
2025-05-26,PAD-FOR-V,125,126,18,1.394286,1.394286
2025-05-26,WIP-TOY-P,124,126,16,1.708925,1.708925
2025-05-26,WIP-FOR-V,125,126,24,1.208285,1.208285
2025-06-02,PAD-TOY-V,126,127,30,0.684685,0.684685
2025-06-02,PAD-FOR-P,125,127,12,1.853242,1.853242
2025-06-02,BAT-FOR-V,125,127,12,1.609111,0.804555
2025-06-02,WIP-TOY-P,126,127,32,0.819032,0.819032
2025-06-02,WIP-TOY-V,125,127,40,1.76397,1.76397
2025-06-09,BAT-TOY-P,123,128,5,4.979259,2.48963
2025-06-09,BAT-FOR-P,126,128,4,1.64788,0.82394
2025-06-09,WIP-TOY-V,127,128,44,0.770411,0.770411
2025-06-09,WIP-FOR-P,127,128,20,1.498105,1.498105
2025-06-16,PAD-TOY-P,127,129,12,1.621719,1.621719
2025-06-16,PAD-TOY-V,128,129,28,1.24654,1.24654
2025-06-16,BAT-TOY-V,126,129,7,2.67378,1.33689
2025-06-16,BAT-FOR-P,127,129,3,2.042652,1.021326
2025-06-16,BAT-FOR-P,128,129,5,1.26891,0.634455
2025-06-16,WIP-TOY-P,128,129,24,0.789698,0.789698
2025-06-23,PAD-TOY-P,129,130,12,0.709605,0.709605
2025-06-23,PAD-FOR-P,129,130,18,0.724632,0.724632
2025-06-23,PAD-FOR-V,129,130,22,1.10213,1.10213
2025-06-23,BAT-FOR-V,128,130,12,2.119146,1.059573
2025-06-23,WIP-FOR-V,129,130,28,0.848367,0.848367
2025-06-30,PAD-TOY-V,130,131,40,0.767506,0.767506
2025-06-30,BAT-TOY-P,129,131,4,1.689674,0.844837
2025-06-30,BAT-TOY-P,130,131,6,1.48867,0.744335
2025-06-30,BAT-FOR-V,130,131,16,1.27743,0.638715
2025-06-30,WIP-TOY-V,130,131,28,1.111306,1.111306
2025-07-07,PAD-TOY-P,130,132,14,1.796631,1.796631
2025-07-07,PAD-FOR-V,131,132,18,1.020046,1.020046
2025-07-07,WIP-TOY-P,131,132,24,0.741123,0.741123
2025-07-07,WIP-FOR-V,131,132,28,0.980801,0.980801
2025-07-14,PAD-TOY-P,132,133,12,0.997422,0.997422
2025-07-14,PAD-FOR-P,132,133,8,1.076947,1.076947
2025-07-14,BAT-TOY-V,131,133,7,2.330322,1.165161
2025-07-21,PAD-FOR-V,133,134,16,0.814844,0.814844
2025-07-21,BAT-TOY-P,132,134,5,1.809987,0.904993
2025-07-21,WIP-FOR-P,133,134,16,1.121362,1.121362
2025-07-21,WIP-FOR-V,133,134,28,1.11439,1.11439
2025-07-28,PAD-TOY-V,133,135,28,1.95695,1.95695
2025-07-28,BAT-TOY-V,133,135,5,2.31704,1.15852
2025-07-28,BAT-FOR-P,133,135,5,2.170431,1.085216
2025-07-28,BAT-FOR-V,133,135,10,2.468086,1.234043
2025-07-28,WIP-TOY-V,134,135,20,1.110642,1.110642
2025-08-04,PAD-TOY-P,135,136,22,1.102665,1.102665
2025-08-04,PAD-FOR-P,135,136,14,0.652309,0.652309
2025-08-04,PAD-FOR-V,135,136,28,0.740588,0.740588
2025-08-04,BAT-TOY-P,133,136,5,2.62225,1.311125
2025-08-04,BAT-TOY-P,134,136,5,1.634142,0.817071
2025-08-04,BAT-TOY-V,134,136,8,2.354027,1.177014
2025-08-04,BAT-FOR-P,134,136,3,1.631764,0.815882
2025-08-11,PAD-TOY-V,136,137,32,0.626318,0.626318
2025-08-11,BAT-TOY-V,135,137,7,1.64744,0.82372
2025-08-11,BAT-FOR-V,135,137,12,2.018617,1.009309
2025-08-11,WIP-TOY-P,136,137,12,0.780468,0.780468
2025-08-11,WIP-FOR-P,136,137,8,1.056594,1.056594
2025-08-11,WIP-FOR-V,136,137,20,0.540234,0.540234
2025-08-18,BAT-TOY-P,136,138,7,2.132497,1.066249
2025-08-18,BAT-TOY-V,136,138,9,2.15121,1.075605
2025-08-18,WIP-TOY-V,137,138,20,0.868969,0.868969
2025-08-25,PAD-TOY-P,138,139,18,0.708959,0.708959
2025-08-25,PAD-FOR-P,138,139,14,1.219109,1.219109
2025-08-25,BAT-TOY-P,137,139,9,1.763898,0.881949
2025-08-25,BAT-TOY-V,137,139,11,1.979265,0.989633
2025-08-25,BAT-FOR-V,138,139,11,1.454864,0.727432
2025-08-25,WIP-FOR-P,138,139,8,0.896351,0.896351
2025-09-01,PAD-FOR-V,139,140,22,1.349946,1.349946
2025-09-01,BAT-FOR-P,138,140,6,1.590464,0.795232
2025-09-01,WIP-TOY-P,139,140,12,0.984348,0.984348
2025-09-01,WIP-TOY-V,139,140,16,1.391656,1.391656
2025-09-01,WIP-FOR-P,139,140,12,1.104121,1.104121
2025-09-01,WIP-FOR-V,139,140,20,0.802493,0.802493
2025-09-08,PAD-TOY-V,140,141,24,1.475541,1.475541
2025-09-08,PAD-FOR-V,140,141,30,1.018098,1.018098
2025-09-08,BAT-TOY-P,140,141,8,1.484172,0.742086
2025-09-08,BAT-FOR-P,137,141,4,3.762132,1.881066
2025-09-08,BAT-FOR-V,140,141,8,1.338485,0.669243
2025-09-15,PAD-TOY-P,141,142,18,1.210917,1.210917
2025-09-15,PAD-FOR-P,141,142,16,0.769762,0.769762
2025-09-15,PAD-FOR-V,141,142,18,1.093334,1.093334
2025-09-15,BAT-TOY-V,138,142,12,3.520157,1.760078
2025-09-15,BAT-FOR-P,140,142,4,1.997649,0.998825
2025-09-15,WIP-TOY-V,141,142,20,1.155336,1.155336
2025-09-22,BAT-TOY-V,141,143,9,2.070084,1.035042
2025-09-22,WIP-TOY-P,142,143,16,1.123348,1.123348
2025-09-29,PAD-TOY-P,143,144,20,1.145445,1.145445
2025-09-29,PAD-FOR-P,143,144,12,0.82198,0.82198
2025-09-29,WIP-FOR-P,143,144,16,0.974788,0.974788
2025-09-29,WIP-FOR-V,143,144,24,1.120864,1.120864
2025-10-06,PAD-TOY-P,144,145,14,1.044545,1.044545
2025-10-06,PAD-TOY-V,143,145,20,1.715739,1.715739
2025-10-06,PAD-FOR-V,144,145,20,0.994992,0.994992
2025-10-06,BAT-TOY-P,143,145,7,2.2016,1.1008
2025-10-06,BAT-TOY-V,143,145,16,1.723201,0.861601
2025-10-06,WIP-TOY-V,143,145,28,1.783165,1.783165
2025-10-13,BAT-FOR-P,143,146,9,2.94548,1.47274
2025-10-13,WIP-TOY-P,145,146,16,0.985681,0.985681
2025-10-13,WIP-FOR-P,145,146,16,0.885227,0.885227
2025-10-13,WIP-FOR-V,145,146,16,0.848947,0.848947
2025-10-20,PAD-TOY-V,146,147,12,0.940677,0.940677
2025-10-20,WIP-TOY-P,146,147,12,1.083306,1.083306
2025-10-20,WIP-TOY-V,145,147,32,1.846441,1.846441
2025-10-20,WIP-FOR-P,146,147,16,0.503859,0.503859
2025-10-20,WIP-FOR-V,146,147,16,0.727542,0.727542
2025-10-27,PAD-TOY-P,147,148,16,1.26069,1.26069
2025-10-27,PAD-FOR-P,147,148,12,1.23736,1.23736
2025-10-27,PAD-FOR-V,147,148,32,1.184785,1.184785
2025-10-27,BAT-FOR-P,146,148,6,2.319044,1.159522
2025-10-27,WIP-TOY-P,147,148,20,0.596411,0.596411
2025-10-27,WIP-TOY-V,147,148,20,0.850582,0.850582
2025-10-27,WIP-FOR-V,147,148,24,1.011436,1.011436
2025-11-03,PAD-TOY-V,148,149,22,0.634695,0.634695
2025-11-03,PAD-FOR-P,148,149,10,1.025043,1.025043
2025-11-03,BAT-FOR-V,144,149,6,4.63263,2.316315
2025-11-03,BAT-FOR-V,146,149,9,2.791112,1.395556
2025-11-03,WIP-FOR-V,148,149,20,1.374659,1.374659
2025-11-10,BAT-FOR-P,147,150,5,2.68975,1.344875
2025-11-10,WIP-TOY-V,149,150,36,0.822007,0.822007
2025-11-10,WIP-FOR-P,149,150,12,0.879953,0.879953
2025-11-17,PAD-TOY-V,150,151,24,0.651044,0.651044
2025-11-17,PAD-FOR-V,150,151,18,1.415017,1.415017
2025-11-17,BAT-TOY-P,149,151,9,1.884345,0.942173
2025-11-17,BAT-TOY-V,148,151,11,2.880282,1.440141
2025-11-17,WIP-TOY-P,150,151,16,1.237898,1.237898
2025-11-17,WIP-FOR-V,150,151,36,1.200704,1.200704
2025-11-24,PAD-FOR-P,151,152,8,1.46674,1.46674
2025-11-24,BAT-FOR-P,150,152,4,2.00766,1.00383
2025-11-24,WIP-TOY-V,151,152,28,0.973418,0.973418
2025-11-24,WIP-FOR-P,151,152,24,0.960342,0.960342
2025-12-01,PAD-TOY-P,152,153,12,1.499137,1.499137
2025-12-01,PAD-TOY-V,152,153,14,0.859074,0.859074
2025-12-01,BAT-TOY-V,151,153,8,2.056237,1.028118
2025-12-01,BAT-FOR-V,150,153,13,2.638864,1.319432
2025-12-01,WIP-TOY-P,152,153,16,0.841882,0.841882
2025-12-08,PAD-TOY-P,153,154,18,0.708579,0.708579
2025-12-08,PAD-TOY-V,153,154,32,1.037633,1.037633
2025-12-08,PAD-FOR-P,153,154,10,0.691592,0.691592
2025-12-08,PAD-FOR-V,153,154,24,0.922656,0.922656
2025-12-08,BAT-TOY-V,152,154,8,1.783045,0.891522
2025-12-08,WIP-FOR-V,153,154,28,1.361063,1.361063
2025-12-15,PAD-TOY-V,154,155,22,0.784238,0.784238
2025-12-15,BAT-TOY-P,153,155,3,1.550398,0.775199
2025-12-15,BAT-FOR-P,153,155,5,2.149378,1.074689
2025-12-15,BAT-FOR-V,153,155,13,1.964221,0.98211
2025-12-22,PAD-TOY-P,155,156,12,1.268485,1.268485
2025-12-22,PAD-FOR-P,155,156,8,0.691892,0.691892
2025-12-22,BAT-TOY-P,154,156,5,1.621298,0.810649
2025-12-22,BAT-FOR-P,155,156,7,1.411196,0.705598
